HOUSE URL,HOME STATUS,HOUSE TYPE,PRICE($),STREET,CITY,STATE,ZIP CODE,NUMBER OF BEDROOMS,NUMBER OF BATHROOMS,HOUSE SIZE (sqft),LOT SIZE,RENT ZESTIMATE
https://www.zillow.com/homedetails/1433-Salem-Meadow-Cir-Austin-TX-78745/58314404_zpid/,,SINGLE FAMILY,"$419,000",1433 Salem Meadow Cir,Austin,TX,78745,4,2,1217,9670.32 sqft,
https://www.zillow.com/homedetails/5901-Nelson-Oaks-Dr-Austin-TX-78724/83816563_zpid/,,SINGLE FAMILY,"$325,000",5901 Nelson Oaks Dr,Austin,TX,78724,3,2,1532,5749.92 sqft,
https://www.zillow.com/homedetails/1200-Glen-Summer-Cv-Austin-TX-78753/29434573_zpid/,,SINGLE FAMILY,"$319,400",1200 Glen Summer Cv,Austin,TX,78753,2,2,1021,5052.96 sqft,1964
https://www.zillow.com/homedetails/6111-Carnation-Ter-2-Austin-TX-78741/345334412_zpid/,,SINGLE FAMILY,"$399,999",6111 Carnation Ter #2,Austin,TX,78741,3,3,1153,2822.688 sqft,
https://www.zillow.com/homedetails/12914-Leatherback-Ln-Austin-TX-78729/302821192_zpid/,,CONDO,"$480,000",12914 Leatherback Ln,Austin,TX,78729,4,3,2236, ,2438
https://www.zillow.com/homedetails/604-N-Bluff-Dr-UNIT-244-Austin-TX-78745/124844010_zpid/,,CONDO,"$349,900",604 N Bluff Dr UNIT 244,Austin,TX,78745,2,3,1383,2831.4 sqft,
https://www.zillow.com/homedetails/1206-Eleanor-St-Austin-TX-78721/29388124_zpid/,,SINGLE FAMILY,"$495,000",1206 Eleanor St,Austin,TX,78721,3,2,1417,6229.08 sqft,2718
https://www.zillow.com/homedetails/12325-Los-Indios-Trl-UNIT-14-Austin-TX-78729/29580838_zpid/,,CONDO,"$249,900",12325 Los Indios Trl UNIT 14,Austin,TX,78729,2,2,860, ,
https://www.zillow.com/homedetails/2803-Hemphill-Park-302-Austin-TX-78705/339460464_zpid/,,CONDO,"$215,000",2803 Hemphill Park #302,Austin,TX,78705,1,1,450,431.244 sqft,
https://www.zillow.com/homedetails/8212-Barton-Club-Dr-9-10-Austin-TX-78735/454882594_zpid/,,SINGLE FAMILY,"$33,000",8212 Barton Club Dr #9-10,Austin,TX,78735,3,4,2600,0.25 acres,
https://www.zillow.com/homedetails/4504-Tamarack-Trl-Austin-TX-78727/29446202_zpid/,,SINGLE FAMILY,$200K,4504 Tamarack Trl,Austin,TX,78727,3,2,1621,8951.58 sqft,
https://www.zillow.com/homedetails/15105-Shell-Bark-Cv-Austin-TX-78724/251030007_zpid/,,SINGLE FAMILY,"$325,000",15105 Shell Bark Cv,Austin,TX,78724,4,3,2216,7980.192 sqft,
https://www.zillow.com/homedetails/6208-John-Chisum-Ln-Austin-TX-78749/29484236_zpid/,,SINGLE FAMILY,"$500,000",6208 John Chisum Ln,Austin,TX,78749,3,3,2014,6721.308 sqft,2804
https://www.zillow.com/homedetails/6009-Glen-Meadow-Dr-Austin-TX-78745/29492670_zpid/,,SINGLE FAMILY,"$359,000",6009 Glen Meadow Dr,Austin,TX,78745,3,2,1283,6926.04 sqft,2265
https://www.zillow.com/homedetails/12725-Bloomington-Dr-129-Austin-TX-78748/339448920_zpid/,,SINGLE FAMILY,"$268,000",12725 Bloomington Dr #129,Austin,TX,78748,3,2,1350,8041.176 sqft,2132
https://www.zillow.com/homedetails/15212-Shell-Bark-Cv-Austin-TX-78724/251030010_zpid/,,SINGLE FAMILY,"$315,000",15212 Shell Bark Cv,Austin,TX,78724,4,2,2047,5749.92 sqft,
https://www.zillow.com/homedetails/8511-Slant-Oak-Dr-Austin-TX-78729/29557582_zpid/,,SINGLE FAMILY,"$400,000",8511 Slant Oak Dr,Austin,TX,78729,3,2,1381,0.3754 acres,
https://www.zillow.com/homedetails/6605-Kirkwynd-Dr-Austin-TX-78754/111372968_zpid/,,SINGLE FAMILY,"$300,000",6605 Kirkwynd Dr,Austin,TX,78754,3,2,1343,4826.448 sqft,
https://www.zillow.com/homedetails/6123-Blue-Stem-Trl-Austin-TX-78735/83825061_zpid/,,SINGLE FAMILY,"$75,900",6123 Blue Stem Trl,Austin,TX,78735,3,2,1216, ,1595
https://www.zillow.com/homedetails/12401-Los-Indios-Trl-UNIT-5-Austin-TX-78729/29612618_zpid/,,CONDO,"$285,000",12401 Los Indios Trl UNIT 5,Austin,TX,78729,3,3,1480, ,
https://www.zillow.com/homedetails/12901-Lamplight-Village-Ave-Austin-TX-78727/29442801_zpid/,,SINGLE FAMILY,"$299,900",12901 Lamplight Village Ave,Austin,TX,78727,4,3,2160,10733.184 sqft,2253
https://www.zillow.com/homedetails/4613-Greenridge-Ter-Austin-TX-78745/29485536_zpid/,,SINGLE FAMILY,"$340,000",4613 Greenridge Ter,Austin,TX,78745,3,2,864,6669.036 sqft,
https://www.zillow.com/homedetails/14706-Menifee-St-Austin-TX-78725/29462562_zpid/,,SINGLE FAMILY,"$250,000",14706 Menifee St,Austin,TX,78725,3,3,2035,5275.116 sqft,1998
https://www.zillow.com/homedetails/5601-Samuel-Huston-Ave-Austin-TX-78721/29391539_zpid/,,SINGLE FAMILY,"$299,000",5601 Samuel Huston Ave,Austin,TX,78721,3,2,1422,8494.2 sqft,
https://www.zillow.com/homedetails/1601-E-Slaughter-Ln-TRLR-184-Austin-TX-78747/70357629_zpid/,,MANUFACTURED,"$105,000",1601 E Slaughter Ln TRLR 184,Austin,TX,78747,4,2,1768, ,1858
https://www.zillow.com/homedetails/5705-Nancy-Dr-Austin-TX-78745/29489769_zpid/,,MANUFACTURED,"$25,000",5705 Nancy Dr,Austin,TX,78745,3,2,2126, ,1646
https://www.zillow.com/homedetails/15102-Iowa-St-Austin-TX-78734/29363661_zpid/,,SINGLE FAMILY,"$205,000",15102 Iowa St,Austin,TX,78734,1,1,1050,7405.2 sqft,
https://www.zillow.com/homedetails/3315-W-William-Cannon-Dr-A-Austin-TX-78745/58315210_zpid/,,SINGLE FAMILY,"$350,000",3315 W William Cannon Dr #A,Austin,TX,78745,2,2,1164,7548.948 sqft,
https://www.zillow.com/homedetails/1719-E-32nd-St-Austin-TX-78722/29393180_zpid/,,SINGLE FAMILY,"$450,000",1719 E 32nd St,Austin,TX,78722,3,2,1572,9391.536 sqft,
https://www.zillow.com/homedetails/12166-Metric-Blvd-APT-384-Austin-TX-78758/80106505_zpid/,,CONDO,"$179,990",12166 Metric Blvd APT 384,Austin,TX,78758,2,2,1004,1568.16 sqft,
https://www.zillow.com/homedetails/4315-S-Congress-Ave-406-Austin-TX-78745/442202408_zpid/,,CONDO,"$150,000",4315 S Congress Ave #406,Austin,TX,78745,0,1,594,274.428 sqft,
https://www.zillow.com/homedetails/2600-Cockburn-Dr-Austin-TX-78745/29486077_zpid/,,SINGLE FAMILY,"$474,900",2600 Cockburn Dr,Austin,TX,78745,3,2,1265,6011.28 sqft,
https://www.zillow.com/homedetails/10607-Watchful-Fox-Dr-Austin-TX-78748/29513997_zpid/,,SINGLE FAMILY,"$455,000",10607 Watchful Fox Dr,Austin,TX,78748,4,3,1872,6229.08 sqft,
https://www.zillow.com/homedetails/5817-Loblolly-Ln-69-Austin-TX-78744/124720727_zpid/,,SINGLE FAMILY,"$340,000",5817 Loblolly Ln #69,Austin,TX,78744,4,3,1992,4930.992 sqft,2355
https://www.zillow.com/homedetails/7658-Marble-Ridge-Dr-Austin-TX-78747/60135543_zpid/,,SINGLE FAMILY,"$454,950",7658 Marble Ridge,Austin,TX,78747,4,3,2711,6403.32 sqft,2454
https://www.zillow.com/homedetails/8007-Bramble-Bush-Dr-Austin-TX-78747/29470035_zpid/,,SINGLE FAMILY,"$368,900",8007 Bramble Bush Dr,Austin,TX,78747,4,3,2761,5762.988 sqft,
https://www.zillow.com/homedetails/608-Silver-Wing-Dr-Austin-TX-78725/241937799_zpid/,,SINGLE FAMILY,"$285,000",608 Silver Wing Dr,Austin,TX,78725,3,2,1453,5749.92 sqft,
https://www.zillow.com/homedetails/5908-Lehman-Way-Austin-TX-78747/305434666_zpid/,,SINGLE FAMILY,"$485,000",5908 Lehman Way,Austin,TX,78747,4,3,2835,7148.196 sqft,
https://www.zillow.com/homedetails/1015-E-Yager-Ln-UNIT-187-Austin-TX-78753/29435506_zpid/,,CONDO,"$189,990",1015 E Yager Ln UNIT 187,Austin,TX,78753,2,2,891,4965.84 sqft,1551
https://www.zillow.com/homedetails/5605-China-Berry-Rd-Austin-TX-78744/29468270_zpid/,,SINGLE FAMILY,"$225,000",5605 China Berry Rd,Austin,TX,78744,3,2,1426,7078.5 sqft,2070
https://www.zillow.com/homedetails/15002-Wells-Port-Dr-Austin-TX-78728/29449776_zpid/,,SINGLE FAMILY,"$459,000",15002 Wells Port Dr,Austin,TX,78728,3,2,1834,8006.328 sqft,
https://www.zillow.com/homedetails/10825-Blacket-Dr-Austin-TX-78747/337146420_zpid/,,SINGLE FAMILY,"$379,000",10825 Blacket Dr,Austin,TX,78747,4,3,2080,7143.84 sqft,
https://www.zillow.com/homedetails/6828-Walkup-Ln-Austin-TX-78747/70342397_zpid/,,SINGLE FAMILY,"$319,500",6828 Walkup Ln,Austin,TX,78747,4,3,2068,4769.82 sqft,2288
https://www.zillow.com/homedetails/8321-Panadero-Dr-Austin-TX-78747/89551009_zpid/,,SINGLE FAMILY,"$349,900",8321 Panadero Dr,Austin,TX,78747,3,2,1652,6316.2 sqft,2036
https://www.zillow.com/homedetails/5708-Garden-Oaks-Dr-Austin-TX-78745/29489572_zpid/,,SINGLE FAMILY,"$274,900",5708 Garden Oaks Dr,Austin,TX,78745,2,1,864,6534 sqft,
https://www.zillow.com/homedetails/8416-Linda-Michelle-Ln-Austin-TX-78724/331623138_zpid/,,SINGLE FAMILY,"$479,900",8416 Linda Michelle Ln,Austin,TX,78724,4,3,2607,7008.804 sqft,2756
https://www.zillow.com/homedetails/7401-Montezuma-St-Austin-TX-78744/79977235_zpid/,,SINGLE FAMILY,"$387,000",7401 Montezuma St,Austin,TX,78744,4,2,1723,5201.064 sqft,2213
https://www.zillow.com/homedetails/10410-Margra-Ln-Austin-TX-78748/29512191_zpid/,,SINGLE FAMILY,"$299,900",10410 Margra Ln,Austin,TX,78748,4,2,1763,0.3721 acres,
https://www.zillow.com/homedetails/1416-Elm-Brook-Dr-Austin-TX-78758/29436547_zpid/,,SINGLE FAMILY,"$435,000",1416 Elm Brook Dr,Austin,TX,78758,3,2,1467,4900.5 sqft,
https://www.zillow.com/homedetails/4361-S-Congress-Ave-435-Austin-TX-78745/241938682_zpid/,,CONDO,"$300,000",4361 S Congress Ave #435,Austin,TX,78745,2,2,1081,688.248 sqft,
https://www.zillow.com/homedetails/507-Sabine-St-APT-1010-Austin-TX-78701/83125191_zpid/,,CONDO,"$299,000",507 Sabine St APT 1010,Austin,TX,78701,1,1,745,117.612 sqft,
https://www.zillow.com/homedetails/1753-Gaylord-Dr-Austin-TX-78728/29447971_zpid/,,SINGLE FAMILY,"$499,000",1753 Gaylord Dr,Austin,TX,78728,4,3,2253,0.25 acres,2318
https://www.zillow.com/homedetails/14502-Hartsmith-Dr-Austin-TX-78725/29464178_zpid/,,SINGLE FAMILY,"$225,000",14502 Hartsmith Dr,Austin,TX,78725,3,2,1162,6969.6 sqft,
https://www.zillow.com/homedetails/11602-Fast-Horse-Dr-Austin-TX-78759/29439179_zpid/,,SINGLE FAMILY,"$499,000",11602 Fast Horse Dr,Austin,TX,78759,3,2,1394,8193.636 sqft,2638
https://www.zillow.com/homedetails/5603-Darlington-Ln-Austin-TX-78723/29402552_zpid/,,SINGLE FAMILY,"$439,989",5603 Darlington Ln,Austin,TX,78723,3,2,1110,9034.344 sqft,
https://www.zillow.com/homedetails/10137-Milla-Cir-46-Austin-TX-78748/119630649_zpid/,,SINGLE FAMILY,"$395,000",10137 Milla Cir #46,Austin,TX,78748,2,2,1509,6033.06 sqft,2233
https://www.zillow.com/homedetails/6309-Marsh-Ln-Buda-TX-78610/442287460_zpid/,,SINGLE FAMILY,"$329,999",6309 Marsh Ln,Buda,TX,78610,3,3,1649, ,
https://www.zillow.com/homedetails/15000-Retha-Pass-Austin-TX-78725/331624558_zpid/,,SINGLE FAMILY,"$296,000",15000 Retha Pass,Austin,TX,78725,3,2,1464,9622.404 sqft,
https://www.zillow.com/homedetails/1840-Burton-Dr-APT-231-Austin-TX-78741/29461604_zpid/,,CONDO,"$165,000",1840 Burton Dr APT 231,Austin,TX,78741,1,1,518,1402.632 sqft,
https://www.zillow.com/homedetails/1706-Whitney-Way-Austin-TX-78741/144337095_zpid/,,SINGLE FAMILY,"$399,989",1706 Whitney Way,Austin,TX,78741,3,2,1257,6011.28 sqft,2405
https://www.zillow.com/homedetails/1501-Cricket-Hollow-Dr-Austin-TX-78758/29434210_zpid/,,SINGLE FAMILY,"$449,900",1501 Cricket Hollow Dr,Austin,TX,78758,4,2,1584,0.5808 acres,2315
https://www.zillow.com/homedetails/6304-Clubway-Ln-Austin-TX-78745/29493163_zpid/,,SINGLE FAMILY,"$350,000",6304 Clubway Ln,Austin,TX,78745,3,2,1179,6420.744 sqft,2341
https://www.zillow.com/homedetails/3704-Tamil-St-Austin-TX-78749/29486385_zpid/,,SINGLE FAMILY,"$414,000",3704 Tamil St,Austin,TX,78749,3,2,1116,6930.396 sqft,
https://www.zillow.com/homedetails/502-Oakley-Ct-Austin-TX-78753/29423798_zpid/,,SINGLE FAMILY,"$284,900",502 Oakley Ct,Austin,TX,78753,3,2,960,10219.176 sqft,1796
https://www.zillow.com/homedetails/8520-Bradford-Dr-Austin-TX-78758/29423530_zpid/,,SINGLE FAMILY,"$410,000",8520 Bradford Dr,Austin,TX,78758,3,1,992,7736.256 sqft,1807
https://www.zillow.com/homedetails/7008-Beckett-Rd-Austin-TX-78749/29483498_zpid/,,SINGLE FAMILY,"$409,900",7008 Beckett Rd,Austin,TX,78749,3,2,1606,9012.564 sqft,3706
https://www.zillow.com/homedetails/5906-Angora-Pass-Austin-TX-78724/449954238_zpid/,,SINGLE FAMILY,"$139,000",5906 Angora Pass,Austin,TX,78724,3,2,1512, ,
https://www.zillow.com/homedetails/9906-Oak-Run-Dr-Austin-TX-78758/29431089_zpid/,,SINGLE FAMILY,"$378,000",9906 Oak Run Dr,Austin,TX,78758,3,2,1712,8067.312 sqft,1968
https://www.zillow.com/homedetails/1310-W-Parmer-Ln-APT-3201-Austin-TX-78727/114406395_zpid/,,CONDO,"$250,000",1310 W Parmer Ln APT 3201,Austin,TX,78727,2,2,1090, ,1669
https://www.zillow.com/homedetails/5600-Lakeview-Dr-Austin-TX-78734/448132784_zpid/,,SINGLE FAMILY,"$325,000",5600 Lakeview Dr,Austin,TX,78734,3,2,1611,0.4383 acres,
https://www.zillow.com/homedetails/6903-Deatonhill-Dr-APT-19-Austin-TX-78745/58315043_zpid/,,CONDO,"$99,900",6903 Deatonhill Dr APT 19,Austin,TX,78745,1,1,672,1611.72 sqft,1242
https://www.zillow.com/homedetails/6210-Larch-Ter-B-Austin-TX-78741/401745287_zpid/,,SINGLE FAMILY,"$350,000",6210 Larch Ter #B,Austin,TX,78741,2,3,1055,7074.144 sqft,
https://www.zillow.com/homedetails/904-Plateau-Cir-Austin-TX-78745/29480209_zpid/,,SINGLE FAMILY,"$500,000",904 Plateau Cir,Austin,TX,78745,4,2,1144,6525.288 sqft,
https://www.zillow.com/homedetails/4617-Cleto-St-Austin-TX-78725/145654939_zpid/,,SINGLE FAMILY,"$299,000",4617 Cleto St,Austin,TX,78725,3,2,1225,7274.52 sqft,
https://www.zillow.com/homedetails/8902-Romayne-Ln-Austin-TX-78748/29509320_zpid/,,SINGLE FAMILY,"$365,000",8902 Romayne Ln,Austin,TX,78748,3,2,1266,5924.16 sqft,
https://www.zillow.com/homedetails/1212-Guadalupe-St-APT-805-Austin-TX-78701/29387357_zpid/,,CONDO,"$425,000",1212 Guadalupe St APT 805,Austin,TX,78701,2,2,956,287.496 sqft,
https://www.zillow.com/homedetails/5702-Meadow-Crst-Austin-TX-78744/29468206_zpid/,,SINGLE FAMILY,"$250,000",5702 Meadow Crst,Austin,TX,78744,3,2,1026,6224.724 sqft,
https://www.zillow.com/homedetails/800-Brazos-St-UNIT-1009-Austin-TX-78701/80094581_zpid/,,CONDO,"$355,000",800 Brazos St UNIT 1009,Austin,TX,78701,1,1,884,217.8 sqft,
https://www.zillow.com/homedetails/4800-Lansing-Dr-Austin-TX-78745/29479914_zpid/,,SINGLE FAMILY,"$389,000",4800 Lansing Dr,Austin,TX,78745,3,2,1174,8799.12 sqft,
https://www.zillow.com/homedetails/7508-Aspen-Brook-Dr-Austin-TX-78744/79980706_zpid/,,SINGLE FAMILY,"$345,000",7508 Aspen Brook Dr,Austin,TX,78744,4,3,2322,4399.56 sqft,
https://www.zillow.com/homedetails/1202-Newning-Ave-APT-308-Austin-TX-78704/124841011_zpid/,,CONDO,"$299,000",1202 Newning Ave APT 308,Austin,TX,78704,1,1,660, ,
https://www.zillow.com/homedetails/5604-Pinon-Vista-Dr-Austin-TX-78724/29397031_zpid/,,SINGLE FAMILY,"$245,000",5604 Pinon Vista Dr,Austin,TX,78724,3,2,1320,5749.92 sqft,2087
https://www.zillow.com/homedetails/4813-Yucca-Hill-Dr-Austin-TX-78744/29508291_zpid/,,TOWNHOUSE,"$175,000",4813 Yucca Hill Dr,Austin,TX,78744,3,2,1511,744.876 sqft,
https://www.zillow.com/homedetails/2803-Nordham-Dr-Austin-TX-78745/58315013_zpid/,,SINGLE FAMILY,"$385,000",2803 Nordham Dr,Austin,TX,78745,3,2,1284,6795.36 sqft,
https://www.zillow.com/homedetails/2520-Quarry-Rd-APT-204-Austin-TX-78703/29332219_zpid/,,CONDO,"$249,000",2520 Quarry Rd APT 204,Austin,TX,78703,2,2,754,1145.628 sqft,
https://www.zillow.com/homedetails/5201-Harvest-Cir-Austin-TX-78745/29487906_zpid/,,SINGLE FAMILY,"$395,000",5201 Harvest Cir,Austin,TX,78745,3,2,1120,9496.08 sqft,2357
https://www.zillow.com/homedetails/3840-Far-West-Blvd-APT-213-Austin-TX-78731/29353023_zpid/,,CONDO,"$299,000",3840 Far West Blvd APT 213,Austin,TX,78731,2,2,981,1746.756 sqft,
https://www.zillow.com/homedetails/12500-Lamppost-Ln-16-Austin-TX-78727/337145120_zpid/,,CONDO,"$288,471",12500 Lamppost Ln #16,Austin,TX,78727,3,3,1398,3149.388 sqft,2202
https://www.zillow.com/homedetails/1702-Cherry-Orchard-Dr-Austin-TX-78745/29494829_zpid/,,SINGLE FAMILY,"$315,000",1702 Cherry Orchard Dr,Austin,TX,78745,3,1,910,8276 sqft,1904
https://www.zillow.com/homedetails/3431-N-Hills-Dr-APT-112-Austin-TX-78731/62604930_zpid/,,CONDO,"$279,000",3431 N Hills Dr APT 112,Austin,TX,78731,2,2,912,1755.468 sqft,1663
https://www.zillow.com/homedetails/903-Silver-Quail-Ln-Austin-TX-78758/29428754_zpid/,,TOWNHOUSE,"$247,000",903 Silver Quail Ln,Austin,TX,78758,3,2,1237,4260.168 sqft,1912
https://www.zillow.com/homedetails/10208-Criswell-Rd-Austin-TX-78754/305431348_zpid/,,SINGLE FAMILY,"$450,000",10208 Criswell Rd,Austin,TX,78754,4,3,2380,5353.524 sqft,
https://www.zillow.com/homedetails/7407-Merrick-Dr-Austin-TX-78748/439143116_zpid/,,TOWNHOUSE,"$450,000",7407 Merrick Dr,Austin,TX,78748,3,3,2192,2208.492 sqft,
https://www.zillow.com/homedetails/8400-Jamestown-Dr-APT-536-Austin-TX-78758/29423481_zpid/,,CONDO,"$289,000",8400 Jamestown Dr APT 536,Austin,TX,78758,2,2,968,2495.988 sqft,1601
https://www.zillow.com/homedetails/10801-Owyhee-Vw-Austin-TX-78754/241936109_zpid/,,CONDO,"$475,000",10801 Owyhee Vw,Austin,TX,78754,4,3,2943,0.39399999999999996 acres,2860
https://www.zillow.com/homedetails/2901-Single-Trace-Ct-Austin-TX-78728/29449370_zpid/,,SINGLE FAMILY,"$390,000",2901 Single Trace Ct,Austin,TX,78728,4,3,2066,6621.12 sqft,2376
https://www.zillow.com/homedetails/909-Reinli-St-APT-144-Austin-TX-78751/145654871_zpid/,,CONDO,"$224,999",909 Reinli St APT 144,Austin,TX,78751,2,2,914,1346.004 sqft,
https://www.zillow.com/homedetails/605-Silver-Wing-Dr-Austin-TX-78725/241937807_zpid/,,SINGLE FAMILY,"$374,000",605 Silver Wing Dr,Austin,TX,78725,4,3,2570,6904.26 sqft,
https://www.zillow.com/homedetails/4003-Reeders-Dr-Austin-TX-78725/60138152_zpid/,,SINGLE FAMILY,"$230,000",4003 Reeders Dr,Austin,TX,78725,3,2,1371,5309.964 sqft,
https://www.zillow.com/homedetails/8701-Meridian-Oak-Ln-Austin-TX-78744/70343536_zpid/,,SINGLE FAMILY,"$395,000",8701 Meridian Oak Ln,Austin,TX,78744,4,3,1919,5832.684 sqft,2397
https://www.zillow.com/homedetails/2918-Ranch-Road-620-N-B112-Austin-TX-78734/451078215_zpid/,,CONDO,"$295,000",2918 Ranch Road 620 N #B112,Austin,TX,78734,3,3,1593,6046.128 sqft,
https://www.zillow.com/homedetails/2302-Rain-Water-Dr-Austin-TX-78734/125792760_zpid/,,SINGLE FAMILY,$250K,2302 Rain Water Dr,Austin,TX,78734,3,3,2443,8973.36 sqft,
https://www.zillow.com/homedetails/9015-Cattle-Baron-Path-702-Austin-TX-78747/339461510_zpid/,,TOWNHOUSE,"$275,000",9015 Cattle Baron Path #702,Austin,TX,78747,2,3,1340,3323.628 sqft,
https://www.zillow.com/homedetails/1115-Ebert-Ave-D-Austin-TX-78721/29385594_zpid/,,SINGLE FAMILY,"$145,000",1115 Ebert Ave #D,Austin,TX,78721,2,1,696,7048.008 sqft,1756
https://www.zillow.com/homedetails/8012-Mellencamp-Dr-Austin-TX-78744/337142597_zpid/,,CONDO,"$320,000",8012 Mellencamp Dr,Austin,TX,78744,2,3,1223,967.032 sqft,
https://www.zillow.com/homedetails/3704-Munson-St-1-Austin-TX-78721/454834454_zpid/,,CONDO,"$424,000",3704 Munson St #1,Austin,TX,78721,3,2,1021,0.2513 acres,
https://www.zillow.com/homedetails/1748-Ohlen-Rd-APT-76-Austin-TX-78757/29426750_zpid/,,CONDO,"$299,000",1748 Ohlen Rd APT 76,Austin,TX,78757,2,2,1194,2526.48 sqft,1903
https://www.zillow.com/homedetails/2018-W-Rundberg-Ln-APT-6A-Austin-TX-78758/83822443_zpid/,,TOWNHOUSE,"$184,000",2018 W Rundberg Ln APT 6A,Austin,TX,78758,2,3,1105,2430.648 sqft,1924
https://www.zillow.com/homedetails/4911-Brighton-Rd-Austin-TX-78745/29482900_zpid/,,SINGLE FAMILY,"$450,000",4911 Brighton Rd,Austin,TX,78745,3,2,1130,7792.884 sqft,2553
https://www.zillow.com/homedetails/12402-Blue-Water-Cir-Austin-TX-78758/29438571_zpid/,,SINGLE FAMILY,"$409,000",12402 Blue Water Cir,Austin,TX,78758,4,2,1824,0.2559 acres,
https://www.zillow.com/homedetails/14710-Montoro-Dr-Austin-TX-78728/29451024_zpid/,,SINGLE FAMILY,"$350,000",14710 Montoro Dr,Austin,TX,78728,3,2,1416,4948.416 sqft,2023
https://www.zillow.com/homedetails/8104-Valleyfield-Dr-Austin-TX-78724/29401202_zpid/,,SINGLE FAMILY,"$325,000",8104 Valleyfield Dr,Austin,TX,78724,5,2,1580,8306.892 sqft,
https://www.zillow.com/homedetails/6700-Rockridge-Ct-Austin-TX-78744/62608174_zpid/,,SINGLE FAMILY,"$245,999",6700 Rockridge Ct,Austin,TX,78744,4,2,1308,8367.876 sqft,
https://www.zillow.com/homedetails/4405-Avenue-A-APT-19-Austin-TX-78751/62605969_zpid/,,CONDO,"$205,000",4405 Avenue A APT 19,Austin,TX,78751,1,1,533,958.32 sqft,
https://www.zillow.com/homedetails/7923-Brockman-St-Austin-TX-78757/29423064_zpid/,,SINGLE FAMILY,"$350,000",7923 Brockman St,Austin,TX,78757,2,2,1121,8982.072 sqft,1986
https://www.zillow.com/homedetails/3207-Harpers-Ferry-Ln-Austin-TX-78745/29495361_zpid/,,SINGLE FAMILY,"$495,000",3207 Harpers Ferry Ln,Austin,TX,78745,3,2,1380,7013.16 sqft,
https://www.zillow.com/homedetails/808-E-46th-St-APT-C-Austin-TX-78751/29401700_zpid/,,SINGLE FAMILY,"$275,000",808 E 46th St APT C,Austin,TX,78751,2,1,704,4268.88 sqft,
https://www.zillow.com/homedetails/10116-Willfield-Dr-Austin-TX-78753/29425962_zpid/,,SINGLE FAMILY,"$390,000",10116 Willfield Dr,Austin,TX,78753,4,2,1530,8258.976 sqft,
https://www.zillow.com/homedetails/15300-Lucian-St-Austin-TX-78725/2072152905_zpid/,,SINGLE FAMILY,"$235,000",15300 Lucian St,Austin,TX,78725,3,2,1233,7749.324 sqft,
https://www.zillow.com/homedetails/1715-Mearns-Meadow-Blvd-Austin-TX-78758/29433501_zpid/,,SINGLE FAMILY,"$379,000",1715 Mearns Meadow Blvd,Austin,TX,78758,3,2,1130,9034.344 sqft,
https://www.zillow.com/homedetails/3710-Hollywood-Ave-Austin-TX-78722/29396263_zpid/,,SINGLE FAMILY,"$499,900",3710 Hollywood Ave,Austin,TX,78722,2,1,1044,4952.772 sqft,
https://www.zillow.com/homedetails/6202-Hillston-Dr-Austin-TX-78745/29485901_zpid/,,SINGLE FAMILY,"$500,000",6202 Hillston Dr,Austin,TX,78745,4,3,1487,6403.32 sqft,
https://www.zillow.com/homedetails/1406-Webberville-Rd-Austin-TX-78721/29391375_zpid/,,SINGLE FAMILY,"$374,500",1406 Webberville Rd,Austin,TX,78721,3,2,1456,0.283 acres,
https://www.zillow.com/homedetails/2018-W-Rundberg-Ln-APT-12B-Austin-TX-78758/83828398_zpid/,,TOWNHOUSE,"$179,000",2018 W Rundberg Ln APT 12B,Austin,TX,78758,2,3,1105,2430.648 sqft,
https://www.zillow.com/homedetails/5700-Jain-Ln-Austin-TX-78721/83813185_zpid/,,SINGLE FAMILY,"$500,000",5700 Jain Ln,Austin,TX,78721,4,2,1716,0.289 acres,2875
https://www.zillow.com/homedetails/1010-W-Rundberg-Ln-APT-24-Austin-TX-78758/29427751_zpid/,,CONDO,"$250,000",1010 W Rundberg Ln APT 24,Austin,TX,78758,3,2,1238,3367.188 sqft,
https://www.zillow.com/homedetails/6310-Ringsby-Rd-Austin-TX-78747/70342098_zpid/,,SINGLE FAMILY,"$320,000",6310 Ringsby Rd,Austin,TX,78747,4,4,2912,7657.848 sqft,2304
https://www.zillow.com/homedetails/5800-Needle-Nook-Ct-48-Austin-TX-78744/453593687_zpid/,,CONDO,"$280,000",5800 Needle Nook Ct #48,Austin,TX,78744,3,3,1524,4930.992 sqft,
https://www.zillow.com/homedetails/5507-Kings-Hwy-Austin-TX-78745/79531245_zpid/,,SINGLE FAMILY,"$350,000",5507 Kings Hwy,Austin,TX,78745,3,2,1466,7274.52 sqft,
https://www.zillow.com/homedetails/2511-Shiloh-Dr-Austin-TX-78745/29499031_zpid/,,SINGLE FAMILY,"$425,000",2511 Shiloh Dr,Austin,TX,78745,3,3,1434,10415.196 sqft,2280
https://www.zillow.com/homedetails/900-S-1st-St-306-Austin-TX-78704/251033932_zpid/,,CONDO,"$190,000",900 S 1st St #306,Austin,TX,78704,0,1,500,313 sqft,2195
https://www.zillow.com/homedetails/5004-Powder-River-Rd-Austin-TX-78759/58305048_zpid/,,SINGLE FAMILY,"$434,900",5004 Powder River Rd,Austin,TX,78759,3,2,1269,6773.58 sqft,
https://www.zillow.com/homedetails/1187-Coleto-St-Austin-TX-78702/29387811_zpid/,,SINGLE FAMILY,"$400,000",1187 Coleto St,Austin,TX,78702,1,1,526,2090.88 sqft,
https://www.zillow.com/homedetails/6012-Diamondleaf-Bnd-Austin-TX-78724/305426820_zpid/,,SINGLE FAMILY,"$315,000",6012 Diamondleaf Bnd,Austin,TX,78724,3,3,1795,7967.124 sqft,
https://www.zillow.com/homedetails/1214-Arthur-Stiles-Rd-Austin-TX-78721/29385713_zpid/,,SINGLE FAMILY,"$459,900",1214 Arthur Stiles Rd,Austin,TX,78721,3,1,1193,6316.2 sqft,
https://www.zillow.com/homedetails/11608-Norwegian-Wood-Dr-Austin-TX-78758/454958102_zpid/,,SINGLE FAMILY,"$300,000",11608 Norwegian Wood Dr,Austin,TX,78758,2,2,1072,4904.856 sqft,
https://www.zillow.com/homedetails/6104-Shumard-Oak-Trl-Austin-TX-78735/449034055_zpid/,,SINGLE FAMILY,"$107,900",6104 Shumard Oak Trl,Austin,TX,78735,4,2,1792, ,
https://www.zillow.com/homedetails/12320-Cedarspur-Rd-Austin-TX-78758/29440507_zpid/,,SINGLE FAMILY,"$290,000",12320 Cedarspur Rd,Austin,TX,78758,2,1,840,5667.156 sqft,1677
https://www.zillow.com/homedetails/2701-Coatbridge-Dr-Austin-TX-78745/58314151_zpid/,,SINGLE FAMILY,"$469,900",2701 Coatbridge Dr,Austin,TX,78745,3,2,1336,8311.248 sqft,
https://www.zillow.com/homedetails/12902-Ben-Milam-Dr-Manchaca-TX-78652/58317858_zpid/,,SINGLE FAMILY,"$400,000",12902 Ben Milam Dr,Manchaca,TX,78652,3,2,2321,0.5788 acres,
https://www.zillow.com/homedetails/7406-Shadow-Hill-Dr-APT-103-Austin-TX-78731/29423000_zpid/,,TOWNHOUSE,"$239,000",7406 Shadow Hill Dr APT 103,Austin,TX,78731,2,2,968,2056.032 sqft,
https://www.zillow.com/homedetails/11000-Anderson-Mill-Rd-UNIT-91-Austin-TX-78750/80121491_zpid/,,SINGLE FAMILY,"$375,000",11000 Anderson Mill Rd UNIT 91,Austin,TX,78750,3,3,1655,1890.504 sqft,2167
https://www.zillow.com/homedetails/2124-Burton-Dr-APT-208-Austin-TX-78741/70348697_zpid/,,CONDO,"$160,000",2124 Burton Dr APT 208,Austin,TX,78741,2,2,850,1681.416 sqft,
https://www.zillow.com/homedetails/7300-Camp-Cv-Austin-TX-78749/29483629_zpid/,,SINGLE FAMILY,"$425,000",7300 Camp Cv,Austin,TX,78749,3,2,1387,9252.144 sqft,
https://www.zillow.com/homedetails/5002-Majestic-Dr-Austin-TX-78745/29482861_zpid/,,SINGLE FAMILY,"$490,000",5002 Majestic Dr,Austin,TX,78745,3,1,1294,7596.864 sqft,
https://www.zillow.com/homedetails/7503-Sugar-Magnolia-St-Austin-TX-78757/124838852_zpid/,,TOWNHOUSE,"$475,000",7503 Sugar Magnolia St,Austin,TX,78757,3,3,1284,2339.172 sqft,2753
https://www.zillow.com/homedetails/1741-Spyglass-Dr-1-228-Austin-TX-78746/29324654_zpid/,,CONDO,"$339,000",1741 Spyglass Dr #1-228,Austin,TX,78746,2,2,894,2861.892 sqft,
https://www.zillow.com/homedetails/1415-Mearns-Meadow-Blvd-Austin-TX-78758/29431318_zpid/,,SINGLE FAMILY,"$495,000",1415 Mearns Meadow Blvd,Austin,TX,78758,4,2,1588,0.2661 acres,2162
https://www.zillow.com/homedetails/2700-Coatbridge-Dr-Austin-TX-78745/58314135_zpid/,,SINGLE FAMILY,"$409,900",2700 Coatbridge Dr,Austin,TX,78745,3,2,1256,0.307 acres,2225
https://www.zillow.com/homedetails/15201-Bullbrier-Rd-Austin-TX-78724/251029797_zpid/,,SINGLE FAMILY,"$295,000",15201 Bullbrier Rd,Austin,TX,78724,4,3,2189,5749.92 sqft,2185
https://www.zillow.com/homedetails/11433-Lost-Maples-Trl-Austin-TX-78748/2115738628_zpid/,,CONDO,"$385,000",11433 Lost Maples Trl,Austin,TX,78748,3,3,1922,5140.08 sqft,
https://www.zillow.com/homedetails/10421-Cayuse-Cv-Austin-TX-78748/29512814_zpid/,,SINGLE FAMILY,"$300,000",10421 Cayuse Cv,Austin,TX,78748,3,2,1470,6782.292 sqft,
https://www.zillow.com/homedetails/2532-Stoutwood-Cir-Austin-TX-78745/58314070_zpid/,,TOWNHOUSE,"$318,000",2532 Stoutwood Cir,Austin,TX,78745,2,2,1136,7104.636 sqft,
https://www.zillow.com/homedetails/609-Hammack-Dr-2-Austin-TX-78752/448359434_zpid/,,SINGLE FAMILY,"$434,000",609 Hammack Dr #2,Austin,TX,78752,2,2,872,7021.872 sqft,
https://www.zillow.com/homedetails/2208-Enfield-Rd-APT-207-Austin-TX-78703/2066559802_zpid/,,CONDO,"$294,000",2208 Enfield Rd APT 207,Austin,TX,78703,2,1,881,1459.26 sqft,2140
https://www.zillow.com/homedetails/6718-Silvermine-Dr-APT-802-Austin-TX-78736/29475983_zpid/,,CONDO,"$200,000",6718 Silvermine Dr APT 802,Austin,TX,78736,2,2,1072, ,
https://www.zillow.com/homedetails/12804-Blaine-Rd-Austin-TX-78753/29437832_zpid/,,SINGLE FAMILY,"$385,000",12804 Blaine Rd,Austin,TX,78753,3,2,1643,7283.232 sqft,
https://www.zillow.com/homedetails/11000-Anderson-Mill-Rd-UNIT-52-Austin-TX-78750/80113421_zpid/,,CONDO,"$299,900",11000 Anderson Mill Rd UNIT 52,Austin,TX,78750,3,3,1382,1350.36 sqft,1978
https://www.zillow.com/homedetails/7818-Moody-Bnd-Austin-TX-78744/331629541_zpid/,,CONDO,"$299,900",7818 Moody Bnd,Austin,TX,78744,2,3,1401,967.032 sqft,
https://www.zillow.com/homedetails/2450-Wickersham-Ln-APT-712-Austin-TX-78741/29464683_zpid/,,CONDO,"$175,000",2450 Wickersham Ln APT 712,Austin,TX,78741,1,1,725,2117.016 sqft,
https://www.zillow.com/homedetails/700-S-1st-St-APT-207-Austin-TX-78704/62604680_zpid/,,CONDO,"$409,990",700 S 1st St APT 207,Austin,TX,78704,2,2,976,1533.312 sqft,
https://www.zillow.com/homedetails/8518-Cahill-Dr-UNIT-23-Austin-TX-78729/62571130_zpid/,,SINGLE FAMILY,"$315,000",8518 Cahill Dr UNIT 23,Austin,TX,78729,3,3,1523, ,
https://www.zillow.com/homedetails/1705-W-Braker-Ln-A-Austin-TX-78758/58303802_zpid/,,CONDO,"$234,900",1705 W Braker Ln #A,Austin,TX,78758,2,2,1046,1938.42 sqft,
https://www.zillow.com/homedetails/7233-Menchaca-Rd-22-Austin-TX-78745/112088036_zpid/,,SINGLE FAMILY,"$359,900",7233 Menchaca Rd #22,Austin,TX,78745,3,2,1246,6477.372 sqft,
https://www.zillow.com/homedetails/712-W-21st-St-APT-202-Austin-TX-78705/62605630_zpid/,,CONDO,"$299,900",712 W 21st St APT 202,Austin,TX,78705,2,2,802,914.76 sqft,
https://www.zillow.com/homedetails/2511-Bitter-Creek-Dr-Austin-TX-78744/29503120_zpid/,,SINGLE FAMILY,"$239,900",2511 Bitter Creek Dr,Austin,TX,78744,3,1,1252,6799.716 sqft,
https://www.zillow.com/homedetails/3424-Clarksburg-Dr-Austin-TX-78745/29490220_zpid/,,SINGLE FAMILY,"$435,000",3424 Clarksburg Dr,Austin,TX,78745,4,3,1603,9156.312 sqft,
https://www.zillow.com/homedetails/403-Middle-Ln-2-Austin-TX-78753/338246323_zpid/,,CONDO,"$375,000",403 Middle Ln #2,Austin,TX,78753,3,2,1100,4874.364 sqft,
https://www.zillow.com/homedetails/7241-Creekside-Dr-Austin-TX-78752/29412071_zpid/,,CONDO,"$239,000",7241 Creekside Dr,Austin,TX,78752,3,3,1950,5684.58 sqft,
https://www.zillow.com/homedetails/6304-Gunflint-Dr-Austin-TX-78747/305434556_zpid/,,SINGLE FAMILY,"$374,500",6304 Gunflint Dr,Austin,TX,78747,4,3,2080,4800.312 sqft,2341
https://www.zillow.com/homedetails/6108-Shadow-Valley-Dr-A-Austin-TX-78731/2076887765_zpid/,,TOWNHOUSE,"$399,000",6108 Shadow Valley Dr #A,Austin,TX,78731,3,2,1200,0.2817 acres,2332
https://www.zillow.com/homedetails/1156-Nickols-Ave-Austin-TX-78721/29388838_zpid/,,SINGLE FAMILY,"$410,000",1156 Nickols Ave,Austin,TX,78721,3,2,1202,6534 sqft,
https://www.zillow.com/homedetails/2405-E-10th-St-Austin-TX-78702/29385371_zpid/,,SINGLE FAMILY,"$425,000",2405 E 10th St,Austin,TX,78702,2,2,1452,5749.92 sqft,2777
https://www.zillow.com/homedetails/2403-Lendall-Ln-Austin-TX-78744/29508798_zpid/,,SINGLE FAMILY,"$320,000",2403 Lendall Ln,Austin,TX,78744,3,2,1216,8402.724 sqft,2064
https://www.zillow.com/homedetails/12314-Furrow-Cv-APT-A-Austin-TX-78753/29436782_zpid/,,TOWNHOUSE,"$225,000",12314 Furrow Cv APT A,Austin,TX,78753,2,2,955,4464.9 sqft,
https://www.zillow.com/homedetails/6913-Shannon-Dr-Austin-TX-78724/58301455_zpid/,,SINGLE FAMILY,"$370,000",6913 Shannon Dr,Austin,TX,78724,3,2,1524,5863.176 sqft,
https://www.zillow.com/homedetails/8601-W-Gate-Blvd-2104-Austin-TX-78745/338244854_zpid/,,CONDO,"$202,692",8601 W Gate Blvd #2104,Austin,TX,78745,2,2,866,3733.092 sqft,
https://www.zillow.com/homedetails/14305-Vandever-St-Austin-TX-78725/29459996_zpid/,,SINGLE FAMILY,"$270,000",14305 Vandever St,Austin,TX,78725,3,2,1431,5575.68 sqft,1841
https://www.zillow.com/homedetails/4408-Mount-Vernon-Dr-Austin-TX-78745/29480550_zpid/,,SINGLE FAMILY,"$485,000",4408 Mount Vernon Dr,Austin,TX,78745,3,1,1232,7644.78 sqft,
https://www.zillow.com/homedetails/8312-Talferd-Trl-Austin-TX-78744/441615549_zpid/,,SINGLE FAMILY,"$445,000",8312 Talferd Trl,Austin,TX,78744,3,3,2018,4826.448 sqft,
https://www.zillow.com/homedetails/2702-Gazelle-Horseshoe-Bay-TX-78657/452931012_zpid/,,MANUFACTURED,"$249,900",2702 Gazelle,Horseshoe Bay,TX,78657,4,2,1456,5227.2 sqft,
https://www.zillow.com/homedetails/7312-Meador-Ave-Austin-TX-78752/83814227_zpid/,,SINGLE FAMILY,"$399,000",7312 Meador Ave,Austin,TX,78752,3,2,1247,8197.992 sqft,
https://www.zillow.com/homedetails/814-Hatton-Hill-Ct-Austin-TX-78725/2061853789_zpid/,,SINGLE FAMILY,"$293,000",814 Hatton Hill Ct,Austin,TX,78725,3,2,1252,5140.08 sqft,1859
https://www.zillow.com/homedetails/4906-Gnarled-Oak-Cv-Austin-TX-78744/29468122_zpid/,,SINGLE FAMILY,"$320,000",4906 Gnarled Oak Cv,Austin,TX,78744,3,2,1152,6141.96 sqft,
https://www.zillow.com/homedetails/1040-Rosemont-St-Austin-TX-78723/29409780_zpid/,,SINGLE FAMILY,"$378,000",1040 Rosemont St,Austin,TX,78723,3,1,1018,6577.56 sqft,
https://www.zillow.com/homedetails/5702-Purple-Sage-Dr-Austin-TX-78724/29404606_zpid/,,SINGLE FAMILY,"$475,000",5702 Purple Sage Dr,Austin,TX,78724,3,2,2322,8598.744 sqft,
https://www.zillow.com/homedetails/8309-Burrell-Dr-Austin-TX-78757/29424912_zpid/,,SINGLE FAMILY,"$379,990",8309 Burrell Dr,Austin,TX,78757,3,1,1216,8428.86 sqft,2379
https://www.zillow.com/homedetails/6212-Boxcar-Run-Austin-TX-78745/29488339_zpid/,,SINGLE FAMILY,"$325,000",6212 Boxcar Run,Austin,TX,78745,3,2,1124,0.2573 acres,
https://www.zillow.com/homedetails/2918-Ranch-Road-620-N-C-122-Austin-TX-78734/2058876520_zpid/,,CONDO,"$285,000",2918 Ranch Road 620 N #C-122,Austin,TX,78734,3,3,1556,5906.736 sqft,
https://www.zillow.com/homedetails/7009-S-Interstate-Highway-35-Austin-TX-78744/2097235174_zpid/,,MANUFACTURED,"$89,900",7009 S Interstate Highway 35,Austin,TX,78744,1,1,399, ,1056
https://www.zillow.com/homedetails/7503-Islander-Dr-Austin-TX-78749/29486438_zpid/,,SINGLE FAMILY,"$419,000",7503 Islander Dr,Austin,TX,78749,3,2,1931,9753.084 sqft,
https://www.zillow.com/homedetails/8801-Little-Walnut-Dr-Austin-TX-78753/29421593_zpid/,,SINGLE FAMILY,"$199,000",8801 Little Walnut Dr,Austin,TX,78753,3,1,1094,7069.788 sqft,1947
https://www.zillow.com/homedetails/2306-Billy-Fiske-Ln-Austin-TX-78748/64789823_zpid/,,SINGLE FAMILY,"$350,000",2306 Billy Fiske Ln,Austin,TX,78748,3,2,1355,4791.6 sqft,2076
https://www.zillow.com/homedetails/1601-E-Slaughter-Ln-Austin-TX-78747/70357613_zpid/,,MANUFACTURED,"$74,500",1601 E Slaughter Ln,Austin,TX,78747,3,2,1352, ,1833
https://www.zillow.com/homedetails/4608-Bundyhill-Dr-Austin-TX-78723/29393315_zpid/,,SINGLE FAMILY,"$399,000",4608 Bundyhill Dr,Austin,TX,78723,4,2,1613,0.251 acres,
https://www.zillow.com/homedetails/1307-Kinney-Ave-APT-160-Austin-TX-78704/29323904_zpid/,,CONDO,"$450,000",1307 Kinney Ave APT 160,Austin,TX,78704,2,3,1101,2212.848 sqft,
https://www.zillow.com/homedetails/8233-Summer-Side-Dr-172-Austin-TX-78759/29430952_zpid/,,CONDO,"$295,000",8233 Summer Side Dr #172,Austin,TX,78759,3,2,1396,2941 sqft,
https://www.zillow.com/homedetails/6209-Peggy-St-Austin-TX-78723/29408045_zpid/,,SINGLE FAMILY,"$370,000",6209 Peggy St,Austin,TX,78723,3,1,960,7875.648 sqft,
https://www.zillow.com/homedetails/10107-E-Rutland-Vlg-Austin-TX-78758/29431029_zpid/,,SINGLE FAMILY,"$435,000",10107 E Rutland Vlg,Austin,TX,78758,3,2,1530,6703.884 sqft,
https://www.zillow.com/homedetails/7215-Coronado-Cir-Austin-TX-78752/29412080_zpid/,,CONDO,"$229,750",7215 Coronado Cir,Austin,TX,78752,2,3,1202,1894.86 sqft,1739
https://www.zillow.com/homedetails/6000-Shanjia-Dr-Austin-TX-78724/331627692_zpid/,,SINGLE FAMILY,"$294,900",6000 Shanjia Dr,Austin,TX,78724,3,2,1464,5749.92 sqft,1955
https://www.zillow.com/homedetails/2600-Penny-Ln-APT-115-Austin-TX-78757/29426354_zpid/,,CONDO,"$199,900",2600 Penny Ln APT 115,Austin,TX,78757,2,2,833,1241.46 sqft,
https://www.zillow.com/homedetails/1804-Matthews-Ln-B-Austin-TX-78745/337146290_zpid/,,SINGLE FAMILY,"$400,000",1804 Matthews Ln #B,Austin,TX,78745,3,2,1161,10280.16 sqft,
https://www.zillow.com/homedetails/505-W-7th-St-APT-114-Austin-TX-78701/29385870_zpid/,,CONDO,"$340,000",505 W 7th St APT 114,Austin,TX,78701,1,1,619,392.04 sqft,2260
https://www.zillow.com/homedetails/13821-Zuhause-Dr-Pflugerville-TX-78660/338244305_zpid/,,SINGLE FAMILY,"$409,000",13821 Zuhause Dr,Pflugerville,TX,78660,4,2,1740,5998.212 sqft,
https://www.zillow.com/homedetails/1005-Ellingson-Ln-Austin-TX-78751/29399511_zpid/,,SINGLE FAMILY,"$429,000",1005 Ellingson Ln,Austin,TX,78751,3,2,1000,3049.2 sqft,
https://www.zillow.com/homedetails/7400-Ophelia-Dr-Austin-TX-78752/29412851_zpid/,,CONDO,"$259,000",7400 Ophelia Dr,Austin,TX,78752,3,3,1762,5684.58 sqft,
https://www.zillow.com/homedetails/3309-Harpers-Ferry-Ln-Austin-TX-78745/29493970_zpid/,,SINGLE FAMILY,"$350,000",3309 Harpers Ferry Ln,Austin,TX,78745,3,3,1544,6912.972 sqft,
https://www.zillow.com/homedetails/4706-Clawson-Rd-Austin-TX-78745/58312955_zpid/,,SINGLE FAMILY,"$435,000",4706 Clawson Rd,Austin,TX,78745,4,2,1228,5832.684 sqft,
https://www.zillow.com/homedetails/8432-Antero-Dr-Austin-TX-78759/58299146_zpid/,,SINGLE FAMILY,"$475,000",8432 Antero Dr,Austin,TX,78759,2,2,1260,3001.284 sqft,
https://www.zillow.com/homedetails/11901-Swearingen-Dr-APT-4-Austin-TX-78758/2070987550_zpid/,,CONDO,"$239,800",11901 Swearingen Dr APT 4,Austin,TX,78758,2,2,829,3166.812 sqft,
https://www.zillow.com/homedetails/1311-Strickland-Dr-Austin-TX-78748/29506184_zpid/,,SINGLE FAMILY,"$350,000",1311 Strickland Dr,Austin,TX,78748,3,3,1682,7270.164 sqft,
https://www.zillow.com/homedetails/8306-Hanbridge-Ln-Austin-TX-78736/29477705_zpid/,,SINGLE FAMILY,"$400,000",8306 Hanbridge Ln,Austin,TX,78736,3,3,1657,0.3669 acres,
https://www.zillow.com/homedetails/5608-Apple-Orchard-Ln-Austin-TX-78744/70341445_zpid/,,SINGLE FAMILY,"$339,900",5608 Apple Orchard Ln,Austin,TX,78744,3,2,1343,5924.16 sqft,2124
https://www.zillow.com/homedetails/5300-McCandless-St-Austin-TX-78756/29410783_zpid/,,SINGLE FAMILY,"$353,000",5300 McCandless St,Austin,TX,78756,3,3,1190,7666.56 sqft,3020
https://www.zillow.com/homedetails/633-Weizenbock-Ln-Austin-TX-78728/331483659_zpid/,,SINGLE FAMILY,"$439,999",633 Weizenbock Ln,Austin,TX,78728,4,2,1947,8581.32 sqft,
https://www.zillow.com/homedetails/7051-Meadow-Lake-Blvd-9303-Austin-TX-78744/455132203_zpid/,,CONDO,"$151,470",7051 Meadow Lake Blvd #9303,Austin,TX,78744,2,1,897, ,
https://www.zillow.com/homedetails/506-W-51st-St-A-Austin-TX-78751/331626266_zpid/,,SINGLE FAMILY,"$450,000",506 W 51st St #A,Austin,TX,78751,2,1,946,3354.12 sqft,
https://www.zillow.com/homedetails/12400-Summersweet-Cv-Austin-TX-78729/29572595_zpid/,,SINGLE FAMILY,"$500,000",12400 Summersweet Cv,Austin,TX,78729,3,3,2168,1.1351 acres,2282
https://www.zillow.com/homedetails/5816-Monmarte-Cv-Austin-TX-78744/251034607_zpid/,,SINGLE FAMILY,"$351,400",5816 Monmarte Cv,Austin,TX,78744,4,3,2246,8015.04 sqft,2391
https://www.zillow.com/homedetails/5102-Coppermead-Ln-Austin-TX-78754/29415811_zpid/,,SINGLE FAMILY,"$320,000",5102 Coppermead Ln,Austin,TX,78754,3,2,1497,4451.832 sqft,
https://www.zillow.com/homedetails/8000-Williamson-Creek-Dr-Austin-TX-78736/29476113_zpid/,,SINGLE FAMILY,"$459,900",8000 Williamson Creek Dr,Austin,TX,78736,3,2,1298,0.3222 acres,
https://www.zillow.com/homedetails/13021-Dessau-Rd-LOT-445-Austin-TX-78754/124836885_zpid/,,MANUFACTURED,"$97,000",13021 Dessau Rd LOT 445,Austin,TX,78754,4,2,1680, ,1843
https://www.zillow.com/homedetails/5912-Berriweather-Dr-Austin-TX-78724/2069334557_zpid/,,SINGLE FAMILY,"$344,900",5912 Berriweather Dr,Austin,TX,78724,4,3,2292,5749.92 sqft,2273
https://www.zillow.com/homedetails/9417-N-Creek-Dr-Austin-TX-78753/29425448_zpid/,,SINGLE FAMILY,"$320,000",9417 N Creek Dr,Austin,TX,78753,3,2,1050,6734.376 sqft,
https://www.zillow.com/homedetails/9809-Dallum-Dr-Austin-TX-78753/29425491_zpid/,,SINGLE FAMILY,"$365,000",9809 Dallum Dr,Austin,TX,78753,3,2,1482,0.25579999999999997 acres,
https://www.zillow.com/homedetails/14608-Menifee-St-Austin-TX-78725/29462568_zpid/,,SINGLE FAMILY,"$310,000",14608 Menifee St,Austin,TX,78725,4,2,1662,5113.944 sqft,
https://www.zillow.com/homedetails/5808-Spring-Meadow-Rd-Austin-TX-78744/29468058_zpid/,,SINGLE FAMILY,"$280,000",5808 Spring Meadow Rd,Austin,TX,78744,3,2,1103,7026.228 sqft,
https://www.zillow.com/homedetails/2408-Amur-Dr-Austin-TX-78745/94643088_zpid/,,SINGLE FAMILY,"$439,900",2408 Amur Dr,Austin,TX,78745,3,2,1362,9021.276 sqft,
https://www.zillow.com/homedetails/5302-Robinsdale-Ln-Austin-TX-78723/29399915_zpid/,,SINGLE FAMILY,"$439,900",5302 Robinsdale Ln,Austin,TX,78723,3,2,1188,7927.92 sqft,
https://www.zillow.com/homedetails/360-Canterbury-Dr-Austin-TX-78737/69692528_zpid/,,SINGLE FAMILY,"$497,000",360 Canterbury Dr,Austin,TX,78737,3,2,1747,9334.908 sqft,
https://www.zillow.com/homedetails/1005-Salem-Ln-Austin-TX-78753/29429225_zpid/,,SINGLE FAMILY,"$465,000",1005 Salem Ln,Austin,TX,78753,3,2,2092,0.306 acres,2904
https://www.zillow.com/homedetails/1701-Simond-Ave-UNIT-208-Austin-TX-78723/440873824_zpid/,,CONDO,"$415,000",1701 Simond Ave UNIT 208,Austin,TX,78723,1,1,808,278.784 sqft,
https://www.zillow.com/homedetails/2122-Hancock-Dr-APT-103-Austin-TX-78756/29411466_zpid/,,CONDO,"$300,000",2122 Hancock Dr APT 103,Austin,TX,78756,2,2,945,1698.84 sqft,
https://www.zillow.com/homedetails/14405-Frankel-Loop-UNIT-34A-Pflugerville-TX-78660/331625007_zpid/,,SINGLE FAMILY,"$285,000",14405 Frankel Loop UNIT 34A,Pflugerville,TX,78660,2,2,1262,6290.064 sqft,
https://www.zillow.com/homedetails/6725-Broad-Brook-Dr-Austin-TX-78747/58311732_zpid/,,SINGLE FAMILY,"$314,999",6725 Broad Brook Dr,Austin,TX,78747,3,2,1326,5662.8 sqft,
https://www.zillow.com/homedetails/2801-Cornish-Cir-Austin-TX-78745/58314623_zpid/,,SINGLE FAMILY,"$499,980",2801 Cornish Cir,Austin,TX,78745,4,2,1300,0.272 acres,
https://www.zillow.com/homedetails/1707-Spyglass-Dr-APT-41-Austin-TX-78746/29324581_zpid/,,CONDO,"$385,000",1707 Spyglass Dr APT 41,Austin,TX,78746,2,2,1306,5671.512 sqft,
https://www.zillow.com/homedetails/10005-Quail-Hutch-Dr-Austin-TX-78758/29431193_zpid/,,SINGLE FAMILY,"$354,900",10005 Quail Hutch,Austin,TX,78758,3,2,1220,7405.2 sqft,1967
https://www.zillow.com/homedetails/1403-E-Applegate-Dr-Austin-TX-78753/29427186_zpid/,,SINGLE FAMILY,"$499,900",1403 E Applegate Dr,Austin,TX,78753,3,2,2086,0.5049 acres,2696
https://www.zillow.com/homedetails/2000-Lightsey-Rd-APT-3-Austin-TX-78704/83126170_zpid/,,CONDO,"$275,000",2000 Lightsey Rd APT 3,Austin,TX,78704,2,1,832,2034.252 sqft,
https://www.zillow.com/homedetails/8012-Stillwood-Ln-Austin-TX-78757/29424746_zpid/,,SINGLE FAMILY,"$500,000",8012 Stillwood Ln,Austin,TX,78757,3,2,1207,7623 sqft,
https://www.zillow.com/homedetails/932-E-53rd-1-2-St-Austin-TX-78751/29406685_zpid/,,SINGLE FAMILY,"$410,000",932 E 53rd 1/2 St,Austin,TX,78751,2,1,859,6324.912 sqft,
https://www.zillow.com/homedetails/1411-Gracy-Farms-Ln-APT-130-Austin-TX-78758/29436330_zpid/,,CONDO,"$239,900",1411 Gracy Farms Ln APT 130,Austin,TX,78758,2,3,1042,3632.904 sqft,
https://www.zillow.com/homedetails/4614-Ganymede-Dr-Austin-TX-78727/29444113_zpid/,,SINGLE FAMILY,"$409,990",4614 Ganymede Dr,Austin,TX,78727,3,2,1489,6490.44 sqft,
https://www.zillow.com/homedetails/1201-Larkwood-Dr-Austin-TX-78723/29407937_zpid/,,SINGLE FAMILY,"$374,999",1201 Larkwood Dr,Austin,TX,78723,3,2,1104,9652.896 sqft,2538
https://www.zillow.com/homedetails/803-W-28th-St-APT-106-Austin-TX-78705/29395380_zpid/,,CONDO,"$249,999",803 W 28th St APT 106,Austin,TX,78705,2,2,699,897.336 sqft,
https://www.zillow.com/homedetails/4411-Cumbria-Ln-Austin-TX-78727/29442459_zpid/,,SINGLE FAMILY,"$470,000",4411 Cumbria Ln,Austin,TX,78727,3,2,1715,8376.588 sqft,2449
https://www.zillow.com/homedetails/11901-Swearingen-Dr-APT-33-Austin-TX-78758/29436493_zpid/,,CONDO,"$249,000",11901 Swearingen Dr APT 33,Austin,TX,78758,2,3,1042,3981.384 sqft,
https://www.zillow.com/homedetails/11808-Copperstone-Ave-139-Austin-TX-78748/2054220371_zpid/,,SINGLE FAMILY,"$326,800",11808 Copperstone Ave #139,Austin,TX,78748,4,2,1654,9086.616 sqft,2522
https://www.zillow.com/homedetails/1501-W-Braker-Ln-1262B-Austin-TX-78758/58304175_zpid/,,CONDO,"$235,000",1501 W Braker Ln #1262B,Austin,TX,78758,3,2,1268,4613.004 sqft,
https://www.zillow.com/homedetails/1422-Collier-St-APT-103-Austin-TX-78704/83124265_zpid/,,CONDO,"$280,000",1422 Collier St APT 103,Austin,TX,78704,1,1,525,1089 sqft,
https://www.zillow.com/homedetails/1404-Anise-Dr-Austin-TX-78741/70345740_zpid/,,SINGLE FAMILY,"$395,000",1404 Anise Dr,Austin,TX,78741,3,3,1659,4390.848 sqft,
https://www.zillow.com/homedetails/4315-S-Congress-Ave-520-Austin-TX-78745/442202457_zpid/,,CONDO,"$165,000",4315 S Congress Ave #520,Austin,TX,78745,0,1,534,243.936 sqft,
https://www.zillow.com/homedetails/710-Colorado-St-APT-2A-Austin-TX-78701/2057608348_zpid/,,CONDO,"$349,000",710 Colorado St APT 2A,Austin,TX,78701,1,1,849,104.544 sqft,
https://www.zillow.com/homedetails/6715-Windrift-Way-APT-29-Austin-TX-78745/64502476_zpid/,,CONDO,"$425,000",6715 Windrift Way APT 29,Austin,TX,78745,3,3,2005,5662.8 sqft,
https://www.zillow.com/homedetails/4707-Dove-Springs-Dr-Austin-TX-78744/29502202_zpid/,,SINGLE FAMILY,"$299,000",4707 Dove Springs Dr,Austin,TX,78744,3,2,1040,7405.2 sqft,1919
https://www.zillow.com/homedetails/1001-Catalpa-St-Austin-TX-78702/29387505_zpid/,,SINGLE FAMILY,"$350,000",1001 Catalpa St,Austin,TX,78702,1,1,750,3550.14 sqft,
https://www.zillow.com/homedetails/1212-Guadalupe-St-APT-301-Austin-TX-78701/29387309_zpid/,,CONDO,"$420,000",1212 Guadalupe St APT 301,Austin,TX,78701,2,2,954,304.92 sqft,
https://www.zillow.com/homedetails/8501-Mauai-Dr-Austin-TX-78749/29496025_zpid/,,SINGLE FAMILY,"$439,900",8501 Mauai Dr,Austin,TX,78749,3,3,1572,8450.64 sqft,
https://www.zillow.com/homedetails/8429-Steamline-Cir-Austin-TX-78745/58316382_zpid/,,SINGLE FAMILY,"$399,950",8429 Steamline Cir,Austin,TX,78745,4,3,2379,8006.328 sqft,
https://www.zillow.com/homedetails/402-Colonial-Park-Blvd-Austin-TX-78745/70348749_zpid/,,SINGLE FAMILY,"$385,000",402 Colonial Park Blvd,Austin,TX,78745,3,2,1079,6621.12 sqft,
https://www.zillow.com/homedetails/1613-J-J-Seabrook-Dr-Austin-TX-78721/29391289_zpid/,,SINGLE FAMILY,"$449,000",1613 J J Seabrook Dr,Austin,TX,78721,3,2,1288,10140.768 sqft,
https://www.zillow.com/homedetails/11716-Tallow-Field-Way-Austin-TX-78758/29435896_zpid/,,SINGLE FAMILY,"$350,000",11716 Tallow Field Way,Austin,TX,78758,3,2,1087,4007.52 sqft,
https://www.zillow.com/homedetails/7003-Burnell-Dr-Austin-TX-78723/29410107_zpid/,,SINGLE FAMILY,"$420,000",7003 Burnell Dr,Austin,TX,78723,3,2,1498,8420.148 sqft,
https://www.zillow.com/homedetails/11301-Jollyville-Rd-APT-B3-Austin-TX-78759/2091335876_zpid/,,CONDO,"$265,000",11301 Jollyville Rd APT B3,Austin,TX,78759,2,3,983,3402.036 sqft,
https://www.zillow.com/homedetails/11900-Timber-Heights-Dr-Austin-TX-78754/70354670_zpid/,,SINGLE FAMILY,"$349,900",11900 Timber Heights Dr,Austin,TX,78754,3,2,1609,5876.244 sqft,
https://www.zillow.com/homedetails/1700-Timber-Ridge-Dr-Austin-TX-78741/29464321_zpid/,,TOWNHOUSE,"$269,000",1700 Timber Ridge Dr,Austin,TX,78741,3,2,1394,2352.24 sqft,
https://www.zillow.com/homedetails/3115-Sesbania-Dr-Austin-TX-78748/29513430_zpid/,,SINGLE FAMILY,"$499,900",3115 Sesbania Dr,Austin,TX,78748,3,2,1926,7958.412 sqft,
https://www.zillow.com/homedetails/405-E-Fawnridge-Dr-Austin-TX-78753/29422814_zpid/,,SINGLE FAMILY,"$175,000",405 E Fawnridge Dr,Austin,TX,78753,2,1,640,0.26 acres,
https://www.zillow.com/homedetails/5006-Lott-Ave-2-Austin-TX-78721/337143415_zpid/,,SINGLE FAMILY,"$458,000",5006 Lott Ave #2,Austin,TX,78721,2,3,929,3110.184 sqft,
https://www.zillow.com/homedetails/2716-Cradlerock-Ter-Austin-TX-78748/58317688_zpid/,,SINGLE FAMILY,"$479,000",2716 Cradlerock Ter,Austin,TX,78748,4,3,1995,5749.92 sqft,2692
https://www.zillow.com/homedetails/4903-Big-Trail-Cir-Austin-TX-78759/58305126_zpid/,,SINGLE FAMILY,"$499,000",4903 Big Trail Cir,Austin,TX,78759,3,2,1430,10754.964 sqft,
https://www.zillow.com/homedetails/11708-Barrington-Way-Austin-TX-78759/29371621_zpid/,,SINGLE FAMILY,"$499,000",11708 Barrington Way,Austin,TX,78759,4,2,1596,8324.316 sqft,2660
https://www.zillow.com/homedetails/5904-Silver-Screen-Dr-Austin-TX-78747/80091503_zpid/,,SINGLE FAMILY,"$300,000",5904 Silver Screen Dr,Austin,TX,78747,4,3,2125,5061.672 sqft,2317
https://www.zillow.com/homedetails/7051-Meadow-Lake-Blvd-4102-Austin-TX-78744/446795073_zpid/,,TOWNHOUSE,"$214,434",7051 Meadow Lake Blvd #4102,Austin,TX,78744,3,3,1221, ,
https://www.zillow.com/homedetails/2508-Dovemeadow-Dr-Austin-TX-78744/29500014_zpid/,,SINGLE FAMILY,"$305,000",2508 Dovemeadow Dr,Austin,TX,78744,4,2,1188,6207.3 sqft,1821
https://www.zillow.com/homedetails/3508-Wendel-Cv-H-16-Austin-TX-78731/62604922_zpid/,,CONDO,"$375,000",3508 Wendel Cv #H-16,Austin,TX,78731,2,2,1372,8964.648 sqft,2206
https://www.zillow.com/homedetails/13804-Bavarian-Forest-Dr-Pflugerville-TX-78660/446368498_zpid/,,SINGLE FAMILY,"$445,000",13804 Bavarian Forest Dr,Pflugerville,TX,78660,4,3,2322,5998.212 sqft,
https://www.zillow.com/homedetails/1305-Doonesbury-Dr-Austin-TX-78758/58304845_zpid/,,SINGLE FAMILY,"$445,000",1305 Doonesbury Dr,Austin,TX,78758,3,2,1601,9570.132 sqft,
https://www.zillow.com/homedetails/11814-Barrington-Way-Austin-TX-78759/29371849_zpid/,,TOWNHOUSE,"$339,000",11814 Barrington Way,Austin,TX,78759,3,3,1578,3371.544 sqft,
https://www.zillow.com/homedetails/5408-Peppertree-Pkwy-Austin-TX-78744/29494311_zpid/,,SINGLE FAMILY,"$304,900",5408 Peppertree Pkwy,Austin,TX,78744,3,2,1028,9365.4 sqft,
https://www.zillow.com/homedetails/4700-Fallenash-Dr-Austin-TX-78725/29459847_zpid/,,SINGLE FAMILY,"$325,000",4700 Fallenash Dr,Austin,TX,78725,3,3,1691,6351.048 sqft,2057
https://www.zillow.com/homedetails/5306-Wellington-Dr-Austin-TX-78723/29399983_zpid/,,SINGLE FAMILY,"$370,000",5306 Wellington Dr,Austin,TX,78723,3,1,965,0.28500000000000003 acres,
https://www.zillow.com/homedetails/6009-Belfast-Dr-Austin-TX-78723/29409802_zpid/,,SINGLE FAMILY,"$450,000",6009 Belfast Dr,Austin,TX,78723,4,2,1833,8921.088 sqft,
https://www.zillow.com/homedetails/915-Silver-Quail-Ln-Austin-TX-78758/29428760_zpid/,,TOWNHOUSE,"$229,000",915 Silver Quail Ln,Austin,TX,78758,2,2,1034,4295.016 sqft,1623
https://www.zillow.com/homedetails/600-Little-Oak-Dr-Austin-TX-78753/58304534_zpid/,,SINGLE FAMILY,"$475,000",600 Little Oak Dr,Austin,TX,78753,3,2,2153,0.268 acres,
https://www.zillow.com/homedetails/4701-Sylvandale-Dr-1-Austin-TX-78745/2065777991_zpid/,,SINGLE FAMILY,"$420,000",4701 Sylvandale Dr #1,Austin,TX,78745,3,2,1135,4756.752 sqft,
https://www.zillow.com/homedetails/1305-Larkspur-Rd-Austin-TX-78758/29423358_zpid/,,SINGLE FAMILY,"$299,000",1305 Larkspur Rd,Austin,TX,78758,3,1,1278,0.2862 acres,
https://www.zillow.com/homedetails/6009-Cannon-Mountain-Dr-Austin-TX-78749/29484047_zpid/,,SINGLE FAMILY,"$500,000",6009 Cannon Mountain Dr,Austin,TX,78749,3,2,1588,8716.356 sqft,2556
https://www.zillow.com/homedetails/555-E-5th-St-APT-817-Austin-TX-78701/64438740_zpid/,,CONDO,"$450,000",555 E 5th St APT 817,Austin,TX,78701,1,1,832,87.12 sqft,
https://www.zillow.com/homedetails/7801-Shoal-Creek-Blvd-APT-240-Austin-TX-78757/29424509_zpid/,,CONDO,"$199,900",7801 Shoal Creek Blvd APT 240,Austin,TX,78757,2,1,789,1650.924 sqft,
https://www.zillow.com/homedetails/2723-Lyons-Rd-B-Austin-TX-78702/331624606_zpid/,,SINGLE FAMILY,"$485,000",2723 Lyons Rd #B,Austin,TX,78702,2,2,900,3192.948 sqft,2535
https://www.zillow.com/homedetails/12729-Serafy-Ct-Austin-TX-78753/29438018_zpid/,,SINGLE FAMILY,"$435,000",12729 Serafy Ct,Austin,TX,78753,4,3,2648,8454.996 sqft,
https://www.zillow.com/homedetails/10611-Carovilli-Dr-Austin-TX-78748/29513060_zpid/,,SINGLE FAMILY,"$340,000",10611 Carovilli Dr,Austin,TX,78748,3,2,1085,4138.2 sqft,
https://www.zillow.com/homedetails/2321-Kale-Dr-Austin-TX-78725/89552136_zpid/,,SINGLE FAMILY,"$274,472",2321 Kale Dr,Austin,TX,78725,3,2,1096,4748.04 sqft,
https://www.zillow.com/homedetails/7307-Thannas-Way-Austin-TX-78744/70357316_zpid/,,SINGLE FAMILY,"$219,990",7307 Thannas Way,Austin,TX,78744,3,2,1266,4399.56 sqft,
https://www.zillow.com/homedetails/12103-Wycliff-Ln-Austin-TX-78727/58305895_zpid/,,SINGLE FAMILY,"$410,000",12103 Wycliff Ln,Austin,TX,78727,3,2,1321,7339.86 sqft,
https://www.zillow.com/homedetails/8009-Turnberry-Ln-Austin-TX-78744/251033666_zpid/,,SINGLE FAMILY,"$356,155",8009 Turnberry Ln,Austin,TX,78744,5,3,2413,5815.26 sqft,2534
https://www.zillow.com/homedetails/1301-Dominique-Dr-Austin-TX-78753/29434698_zpid/,,SINGLE FAMILY,"$315,000",1301 Dominique Dr,Austin,TX,78753,3,2,1138,7535.88 sqft,
