HOUSE URL,ZPID,HOME STATUS,HOUSE TYPE,PRICE($),STREET,CITY,STATE,ZIP CODE,NUMBER OF BEDROOMS,NUMBER OF BATHROOMS,HOUSE SIZE (sqft),LOT SIZE,RENT ZESTIMATE
https://www.zillow.com/homedetails/3239-E-Virginia-Ave-Phoenix-AZ-85008/7540990_zpid/,7540990,,SINGLE FAMILY,"$499,900",3239 E Virginia Ave,Phoenix,AZ,85008,4,2,1523,8163 sqft,
https://www.zillow.com/homedetails/4042-W-Avenida-Del-Sol-Glendale-AZ-85310/7929653_zpid/,7929653,,SINGLE FAMILY,"$475,000",4042 W Avenida Del Sol,Glendale,AZ,85310,4,3,2099,5767 sqft,
https://www.zillow.com/homedetails/2611-E-Escuda-Rd-Phoenix-AZ-85050/7994360_zpid/,7994360,,MANUFACTURED,"$295,000",2611 E Escuda Rd,Phoenix,AZ,85050,6,4,1200,0.2930211202938476 acres,
https://www.zillow.com/homedetails/5850-W-Cheery-Lynn-Rd-Phoenix-AZ-85031/7497539_zpid/,7497539,,SINGLE FAMILY,"$255,000",5850 W Cheery Lynn Rd,Phoenix,AZ,85031,4,2,1440,6477 sqft,
https://www.zillow.com/homedetails/13842-N-40th-Ave-Phoenix-AZ-85053/7945191_zpid/,7945191,,SINGLE FAMILY,"$449,500",13842 N 40th Ave,Phoenix,AZ,85053,3,2,1510,8191 sqft,
https://www.zillow.com/homedetails/9052-N-29th-St-Phoenix-AZ-85028/7812226_zpid/,7812226,,SINGLE FAMILY,"$1,195,000",9052 N 29th St,Phoenix,AZ,85028,4,2.5,2413,10341 sqft,
https://www.zillow.com/homedetails/3924-E-Cortez-St-Phoenix-AZ-85028/7818068_zpid/,7818068,,SINGLE FAMILY,"$620,000",3924 E Cortez St,Phoenix,AZ,85028,3,2,2431,8938 sqft,
https://www.zillow.com/homedetails/1326-W-Joan-De-Arc-Ave-Phoenix-AZ-85029/7784465_zpid/,7784465,,SINGLE FAMILY,"$435,000",1326 W Joan De Arc Ave,Phoenix,AZ,85029,3,2,1797,0.2519283746556474 acres,
https://www.zillow.com/homedetails/32424-N-44th-Pl-Cave-Creek-AZ-85331/55266175_zpid/,55266175,,SINGLE FAMILY,"$837,500",32424 N 44th Pl,Cave Creek,AZ,85331,3,2,2256,0.30922865013774103 acres,
https://www.zillow.com/homedetails/5031-W-Grandview-Rd-Glendale-AZ-85306/7950973_zpid/,7950973,,SINGLE FAMILY,"$400,000",5031 W Grandview Rd,Glendale,AZ,85306,2,2,1267,8666 sqft,
https://www.zillow.com/homedetails/4929-W-Marcus-Dr-Phoenix-AZ-85083/67791034_zpid/,67791034,,SINGLE FAMILY,"$875,000",4929 W Marcus Dr,Phoenix,AZ,85083,6,4.5,4138,8630 sqft,
https://www.zillow.com/homedetails/1652-W-Estes-Way-Phoenix-AZ-85041/444413482_zpid/,444413482,,SINGLE FAMILY,"$429,990",1652 W Estes Way,Phoenix,AZ,85041,3,2,1803,5644 sqft,
https://www.zillow.com/homedetails/3421-W-Solano-Dr-S-Phoenix-AZ-85017/7762483_zpid/,7762483,,SINGLE FAMILY,"$239,999",3421 W Solano Dr S,Phoenix,AZ,85017,3,2,1177,6534 sqft,1919
https://www.zillow.com/homedetails/9509-S-39th-Dr-Laveen-AZ-85339/295393421_zpid/,295393421,,SINGLE FAMILY,"$643,400",9509 S 39th Dr,Laveen,AZ,85339,4,3,2163,8404 sqft,
https://www.zillow.com/homedetails/6408-W-College-Dr-Phoenix-AZ-85033/7712222_zpid/,7712222,,SINGLE FAMILY,"$365,000",6408 W College Dr,Phoenix,AZ,85033,4,2,1671,7558 sqft,
https://www.zillow.com/homedetails/8912-W-Sheridan-St-Phoenix-AZ-85037/7474076_zpid/,7474076,,SINGLE FAMILY,"$429,900",8912 W Sheridan St,Phoenix,AZ,85037,4,3,2229,6665 sqft,
https://www.zillow.com/homedetails/2609-N-65th-Dr-Phoenix-AZ-85035/7490220_zpid/,7490220,,SINGLE FAMILY,"$388,999",2609 N 65th Dr,Phoenix,AZ,85035,5,3,1745,6144 sqft,
https://www.zillow.com/homedetails/5015-E-Shomi-St-Phoenix-AZ-85044/8151288_zpid/,8151288,,SINGLE FAMILY,"$465,000",5015 E Shomi St,Phoenix,AZ,85044,4,2,1714,8006 sqft,
https://www.zillow.com/homedetails/4627-E-McNeil-St-Phoenix-AZ-85044/8142330_zpid/,8142330,,SINGLE FAMILY,"$549,500",4627 E McNeil St,Phoenix,AZ,85044,4,3,2030,0.33399908172635445 acres,
https://www.zillow.com/homedetails/3829-W-Camino-Del-Rio-Glendale-AZ-85310/7929720_zpid/,7929720,,SINGLE FAMILY,"$374,990",3829 W Camino Del Rio,Glendale,AZ,85310,3,2.5,1759,4526 sqft,
https://www.zillow.com/homedetails/2140-E-Michigan-Ave-42-Phoenix-AZ-85022/451017512_zpid/,451017512,,MANUFACTURED,"$108,000",2140 E Michigan Ave #42,Phoenix,AZ,85022,3,2,1344,4661 sqft,
https://www.zillow.com/homedetails/1414-W-Monona-Dr-Phoenix-AZ-85027/7966548_zpid/,7966548,,SINGLE FAMILY,"$329,900",1414 W Monona Dr,Phoenix,AZ,85027,3,2,1120,7523 sqft,
https://www.zillow.com/homedetails/1949-E-Aire-Libre-Ave-Phoenix-AZ-85022/8004892_zpid/,8004892,,SINGLE FAMILY,"$420,000",1949 E Aire Libre Ave,Phoenix,AZ,85022,4,3,2200,5459 sqft,
https://www.zillow.com/homedetails/14014-N-30th-St-Phoenix-AZ-85032/8011378_zpid/,8011378,,SINGLE FAMILY,"$749,900",14014 N 30th St,Phoenix,AZ,85032,5,3,3009,0.2673553719008264 acres,
https://www.zillow.com/homedetails/1706-E-John-Cabot-Rd-Phoenix-AZ-85022/2068616633_zpid/,2068616633,,MANUFACTURED,"$139,900",1706 E John Cabot Rd,Phoenix,AZ,85022,3,2,1430, ,
https://www.zillow.com/homedetails/3605-W-Bethany-Home-Rd-APT-7-Phoenix-AZ-85019/7719275_zpid/,7719275,,TOWNHOUSE,"$159,900",3605 W Bethany Home Rd APT 7,Phoenix,AZ,85019,3,2,1260,584 sqft,
https://www.zillow.com/homedetails/3316-E-Fillmore-St-Phoenix-AZ-85008/7544226_zpid/,7544226,,SINGLE FAMILY,"$495,000",3316 E Fillmore St,Phoenix,AZ,85008,5,3,2184,8102 sqft,
https://www.zillow.com/homedetails/726-E-Mission-Ln-Phoenix-AZ-85020/7787291_zpid/,7787291,,SINGLE FAMILY,"$150,000",726 E Mission Ln,Phoenix,AZ,85020,3,1,1582,7909 sqft,
https://www.zillow.com/homedetails/8520-W-Palm-Ln-UNIT-1029-Phoenix-AZ-85037/7474303_zpid/,7474303,,SINGLE FAMILY,"$290,000",8520 W Palm Ln UNIT 1029,Phoenix,AZ,85037,3,2,1320,2243 sqft,
https://www.zillow.com/homedetails/2354-E-Sahuaro-Dr-Phoenix-AZ-85028/7816120_zpid/,7816120,,SINGLE FAMILY,"$689,000",2354 E Sahuaro Dr,Phoenix,AZ,85028,4,2,2172,10780 acres,
https://www.zillow.com/homedetails/2819-N-28th-Pl-Phoenix-AZ-85008/300102680_zpid/,300102680,,SINGLE FAMILY,"$700,000",2819 N 28th Pl,Phoenix,AZ,85008,4,2,1726,7061 sqft,
https://www.zillow.com/homedetails/3030-W-Christy-Dr-Phoenix-AZ-85029/7739773_zpid/,7739773,,SINGLE FAMILY,"$423,999",3030 W Christy Dr,Phoenix,AZ,85029,4,2,2064,7891 sqft,
https://www.zillow.com/homedetails/8837-W-Coolidge-St-Phoenix-AZ-85037/7483392_zpid/,7483392,,SINGLE FAMILY,"$330,000",8837 W Coolidge St,Phoenix,AZ,85037,3,1.75,1520,7218 sqft,
https://www.zillow.com/homedetails/3630-E-Friess-Dr-Phoenix-AZ-85032/8012360_zpid/,8012360,,SINGLE FAMILY,"$535,000",3630 E Friess Dr,Phoenix,AZ,85032,3,2,1568,0.28914141414141414 acres,
https://www.zillow.com/homedetails/4936-W-Highland-Ave-Phoenix-AZ-85031/7720216_zpid/,7720216,,SINGLE FAMILY,"$249,900",4936 W Highland Ave,Phoenix,AZ,85031,3,2,1576,7275 sqft,
https://www.zillow.com/homedetails/1221-E-Alta-Vista-Rd-Phoenix-AZ-85042/7527016_zpid/,7527016,,SINGLE FAMILY,"$380,000",1221 E Alta Vista Rd,Phoenix,AZ,85042,3,2,1463,0.25840220385674934 acres,
https://www.zillow.com/homedetails/1631-W-Friess-Dr-Phoenix-AZ-85023/7962243_zpid/,7962243,,SINGLE FAMILY,"$489,000",1631 W Friess Dr,Phoenix,AZ,85023,4,2,1720,8528 sqft,2619
https://www.zillow.com/homedetails/4403-N-48th-Dr-Phoenix-AZ-85031/7720969_zpid/,7720969,,SINGLE FAMILY,"$260,000",4403 N 48th Dr,Phoenix,AZ,85031,4,2,1336,6376 sqft,1983
https://www.zillow.com/homedetails/13232-N-40th-Pl-Phoenix-AZ-85032/7823282_zpid/,7823282,,SINGLE FAMILY,"$375,000",13232 N 40th Pl,Phoenix,AZ,85032,3,2,1425,8290 sqft,
https://www.zillow.com/homedetails/2054-W-Chambers-St-Phoenix-AZ-85041/7501661_zpid/,7501661,,SINGLE FAMILY,"$334,900",2054 W Chambers St,Phoenix,AZ,85041,4,2,1380,6621 sqft,
https://www.zillow.com/homedetails/3632-W-Oraibi-Dr-Glendale-AZ-85308/7936074_zpid/,7936074,,SINGLE FAMILY,"$375,000",3632 W Oraibi Dr,Glendale,AZ,85308,4,2,1432,6963 sqft,
https://www.zillow.com/homedetails/6805-S-14th-St-Phoenix-AZ-85042/55258707_zpid/,55258707,,SINGLE FAMILY,"$425,000",6805 S 14th St,Phoenix,AZ,85042,3,2,1867,8037 sqft,
https://www.zillow.com/homedetails/19615-N-18th-Dr-Phoenix-AZ-85027/7970971_zpid/,7970971,,SINGLE FAMILY,"$500,000",19615 N 18th Dr,Phoenix,AZ,85027,5,3,2224,10057 sqft,
https://www.zillow.com/homedetails/4750-N-Central-Ave-N7-Phoenix-AZ-85012/2080443547_zpid/,2080443547,,CONDO,"$140,000",4750 N Central Ave #N7,Phoenix,AZ,85012,1,1,702,655 sqft,
https://www.zillow.com/homedetails/8530-W-Berkeley-Rd-Phoenix-AZ-85037/7487770_zpid/,7487770,,SINGLE FAMILY,"$360,000",8530 W Berkeley Rd,Phoenix,AZ,85037,4,2,1679,9104 sqft,2222
https://www.zillow.com/homedetails/11208-N-39th-St-Phoenix-AZ-85028/7821227_zpid/,7821227,,SINGLE FAMILY,"$879,500",11208 N 39th St,Phoenix,AZ,85028,4,2,2131,0.3261019283746556 acres,
https://www.zillow.com/homedetails/8514-N-38th-Dr-Phoenix-AZ-85051/7752397_zpid/,7752397,,SINGLE FAMILY,"$365,000",8514 N 38th Dr,Phoenix,AZ,85051,4,2,1288,6691 sqft,
https://www.zillow.com/homedetails/1704-W-Roma-Ave-Phoenix-AZ-85015/7772276_zpid/,7772276,,SINGLE FAMILY,"$405,000",1704 W Roma Ave,Phoenix,AZ,85015,2,1,900,6530 sqft,
https://www.zillow.com/homedetails/11627-S-Iroquois-Dr-Phoenix-AZ-85044/8149533_zpid/,8149533,,SINGLE FAMILY,"$335,000",11627 S Iroquois Dr,Phoenix,AZ,85044,3,2,1170,7793 sqft,
https://www.zillow.com/homedetails/1318-S-1st-Ave-Phoenix-AZ-85003/7523018_zpid/,7523018,,MULTI FAMILY,"$274,000",1318 S 1st Ave,Phoenix,AZ,85003,2,2,1430,6125 sqft,
https://www.zillow.com/homedetails/2366-E-Becker-Ln-Phoenix-AZ-85028/7816107_zpid/,7816107,,SINGLE FAMILY,"$775,000",2366 E Becker Ln,Phoenix,AZ,85028,3,2,2249,9784 sqft,
https://www.zillow.com/homedetails/1150-E-Garfield-St-Phoenix-AZ-85006/7529924_zpid/,7529924,,SINGLE FAMILY,"$435,000",1150 E Garfield St,Phoenix,AZ,85006,3,2,903,6875 sqft,
https://www.zillow.com/homedetails/6063-W-Earll-Dr-Phoenix-AZ-85033/7498002_zpid/,7498002,,SINGLE FAMILY,"$300,000",6063 W Earll Dr,Phoenix,AZ,85033,4,2,1762,7144 sqft,
https://www.zillow.com/homedetails/14616-N-28th-Pl-Phoenix-AZ-85032/8011589_zpid/,8011589,,SINGLE FAMILY,"$760,000",14616 N 28th Pl,Phoenix,AZ,85032,4,2,2541,0.32222222222222224 acres,
https://www.zillow.com/homedetails/13258-N-39th-St-Phoenix-AZ-85032/7814136_zpid/,7814136,,SINGLE FAMILY,"$575,000",13258 N 39th St,Phoenix,AZ,85032,3,2,1240,6795 sqft,
https://www.zillow.com/homedetails/2936-E-Beck-Ln-Phoenix-AZ-85032/8007317_zpid/,8007317,,SINGLE FAMILY,"$349,500",2936 E Beck Ln,Phoenix,AZ,85032,3,2,1280,10150 sqft,
https://www.zillow.com/homedetails/2521-N-47th-Dr-Phoenix-AZ-85035/7499077_zpid/,7499077,,SINGLE FAMILY,"$345,000",2521 N 47th Dr,Phoenix,AZ,85035,4,2,1350,5942 sqft,2276
https://www.zillow.com/homedetails/9018-N-39th-Ave-Phoenix-AZ-85051/7746565_zpid/,7746565,,SINGLE FAMILY,"$384,900",9018 N 39th Ave,Phoenix,AZ,85051,3,2,1545,8250 sqft,
https://www.zillow.com/homedetails/3441-W-Windrose-Dr-Phoenix-AZ-85029/7747658_zpid/,7747658,,SINGLE FAMILY,"$245,000",3441 W Windrose Dr,Phoenix,AZ,85029,3,2,1092,6671 sqft,
https://www.zillow.com/homedetails/4750-N-Central-Ave-UNIT-A10-Phoenix-AZ-85012/2075329475_zpid/,2075329475,,CONDO,"$188,000",4750 N Central Ave UNIT A10,Phoenix,AZ,85012,2,1,980,889 sqft,
https://www.zillow.com/homedetails/720-W-Rose-Ln-Phoenix-AZ-85013/7775031_zpid/,7775031,,SINGLE FAMILY,"$670,000",720 W Rose Ln,Phoenix,AZ,85013,3,2,1917,0.26960514233241506 acres,
https://www.zillow.com/homedetails/5612-W-Lodge-Dr-Laveen-AZ-85339/2055894021_zpid/,2055894021,,SINGLE FAMILY,"$462,000",5612 W Lodge Dr,Laveen,AZ,85339,3,2,1779,5750 sqft,
https://www.zillow.com/homedetails/3827-E-Sweetwater-Ave-Phoenix-AZ-85032/7821002_zpid/,7821002,,SINGLE FAMILY,"$370,000",3827 E Sweetwater Ave,Phoenix,AZ,85032,3,1.75,1296,6476 sqft,
https://www.zillow.com/homedetails/4606-W-Paseo-Way-Laveen-AZ-85339/71599310_zpid/,71599310,,SINGLE FAMILY,"$598,000",4606 W Paseo Way,Laveen,AZ,85339,4,3,2842,9868 sqft,
https://www.zillow.com/homedetails/6254-W-Pueblo-Ave-Phoenix-AZ-85043/55257720_zpid/,55257720,,SINGLE FAMILY,"$343,700",6254 W Pueblo Ave,Phoenix,AZ,85043,4,3,1649,5285 sqft,1800
https://www.zillow.com/homedetails/6040-S-3rd-Ave-Phoenix-AZ-85041/7525780_zpid/,7525780,,SINGLE FAMILY,"$350,000",6040 S 3rd Ave,Phoenix,AZ,85041,4,2,1446,7575 sqft,
https://www.zillow.com/homedetails/11237-N-15th-Ln-Phoenix-AZ-85029/7784812_zpid/,7784812,,SINGLE FAMILY,"$724,900",11237 N 15th Ln,Phoenix,AZ,85029,4,2.5,3392,0.7904729109274564 acres,
https://www.zillow.com/homedetails/15002-N-38th-Ave-Phoenix-AZ-85053/7944040_zpid/,7944040,,SINGLE FAMILY,"$500,000",15002 N 38th Ave,Phoenix,AZ,85053,5,2,2400,0.2643709825528007 acres,
https://www.zillow.com/homedetails/15818-N-25th-St-UNIT-124-Phoenix-AZ-85032/71621404_zpid/,71621404,,TOWNHOUSE,"$300,000",15818 N 25th St UNIT 124,Phoenix,AZ,85032,3,2.5,1355,900 sqft,
https://www.zillow.com/homedetails/513-W-Wescott-Dr-Phoenix-AZ-85027/7968514_zpid/,7968514,,SINGLE FAMILY,"$380,000",513 W Wescott Dr,Phoenix,AZ,85027,3,2,1387,7152 sqft,
https://www.zillow.com/homedetails/11007-N-26th-St-Phoenix-AZ-85028/7817148_zpid/,7817148,,SINGLE FAMILY,"$850,000",11007 N 26th St,Phoenix,AZ,85028,4,4,2331,10346 sqft,
https://www.zillow.com/homedetails/6408-W-Prickly-Pear-Trl-Phoenix-AZ-85083/50184868_zpid/,50184868,,SINGLE FAMILY,"$469,900",6408 W Prickly Pear Trl,Phoenix,AZ,85083,3,2,1566,6380 sqft,
https://www.zillow.com/homedetails/4723-W-Buckskin-Trl-Phoenix-AZ-85083/113979668_zpid/,113979668,,SINGLE FAMILY,"$530,000",4723 W Buckskin Trl,Phoenix,AZ,85083,3,2.5,2064,6601 sqft,
https://www.zillow.com/homedetails/2318-N-87th-Ave-Phoenix-AZ-85037/7474008_zpid/,7474008,,SINGLE FAMILY,"$369,950",2318 N 87th Ave,Phoenix,AZ,85037,3,2,1410,5575 sqft,
https://www.zillow.com/homedetails/3501-E-Carol-Ann-Way-Phoenix-AZ-85032/8007098_zpid/,8007098,,SINGLE FAMILY,"$699,999",3501 E Carol Ann Way,Phoenix,AZ,85032,5,2,1980,0.4049586776859504 acres,
https://www.zillow.com/homedetails/2112-N-25th-Pl-Phoenix-AZ-85008/7543758_zpid/,7543758,,SINGLE FAMILY,"$479,000",2112 N 25th Pl,Phoenix,AZ,85008,3,3,882,7536 sqft,
https://www.zillow.com/homedetails/4215-W-Hackamore-Dr-Phoenix-AZ-85083/50184469_zpid/,50184469,,SINGLE FAMILY,"$689,000",4215 W Hackamore Dr,Phoenix,AZ,85083,5,3,2708,10305 sqft,
https://www.zillow.com/homedetails/10922-W-Roma-Ave-Phoenix-AZ-85037/68517556_zpid/,68517556,,SINGLE FAMILY,"$305,000",10922 W Roma Ave,Phoenix,AZ,85037,3,2,1382,7057 sqft,
https://www.zillow.com/homedetails/4509-W-Desert-Hills-Dr-Glendale-AZ-85304/7727306_zpid/,7727306,,SINGLE FAMILY,"$445,000",4509 W Desert Hills Dr,Glendale,AZ,85304,4,2,2106,8943 sqft,
https://www.zillow.com/homedetails/712-W-Vernon-Ave-Phoenix-AZ-85007/7520827_zpid/,7520827,,SINGLE FAMILY,"$1,150,000",712 W Vernon Ave,Phoenix,AZ,85007,4,2,2184,7845 sqft,
https://www.zillow.com/homedetails/4933-N-108th-Ave-Phoenix-AZ-85037/89136062_zpid/,89136062,,SINGLE FAMILY,"$340,000",4933 N 108th Ave,Phoenix,AZ,85037,3,2.5,1902,3823 sqft,
https://www.zillow.com/homedetails/11807-S-Tonalea-Dr-Phoenix-AZ-85044/8149926_zpid/,8149926,,SINGLE FAMILY,"$889,000",11807 S Tonalea Dr,Phoenix,AZ,85044,3,2,2569,0.4227961432506887 acres,3533
https://www.zillow.com/homedetails/8429-W-Vernon-Ave-Phoenix-AZ-85037/88795544_zpid/,88795544,,SINGLE FAMILY,"$325,000",8429 W Vernon Ave,Phoenix,AZ,85037,3,2.5,1582,2165 sqft,
https://www.zillow.com/homedetails/18428-N-42nd-St-Phoenix-AZ-85032/8017978_zpid/,8017978,,SINGLE FAMILY,"$649,900",18428 N 42nd St,Phoenix,AZ,85032,3,2,2148,0.3466023875114784 acres,
https://www.zillow.com/homedetails/4147-E-Sahuaro-Dr-Phoenix-AZ-85028/7827162_zpid/,7827162,,SINGLE FAMILY,"$825,000",4147 E Sahuaro Dr,Phoenix,AZ,85028,4,3,2342,5171 sqft,
https://www.zillow.com/homedetails/909-W-Tamarisk-Ave-Phoenix-AZ-85041/2053524653_zpid/,2053524653,,SINGLE FAMILY,"$345,000",909 W Tamarisk Ave,Phoenix,AZ,85041,4,3,2004,0.4591138659320477 acres,
https://www.zillow.com/homedetails/20809-N-1st-Ave-Phoenix-AZ-85027/7967631_zpid/,7967631,,SINGLE FAMILY,"$469,900",20809 N 1st Ave,Phoenix,AZ,85027,3,2.5,1853,5189 sqft,2494
https://www.zillow.com/homedetails/4308-E-Rock-Wren-Rd-Phoenix-AZ-85044/8260514_zpid/,8260514,,SINGLE FAMILY,"$724,900",4308 E Rock Wren Rd,Phoenix,AZ,85044,4,2,2227,7440 sqft,
https://www.zillow.com/homedetails/2607-E-Mercer-Ln-Phoenix-AZ-85028/67084181_zpid/,67084181,,SINGLE FAMILY,"$749,000",2607 E Mercer Ln,Phoenix,AZ,85028,4,2,2127,0.384366391184573 acres,
https://www.zillow.com/homedetails/3739-E-Yale-St-Phoenix-AZ-85008/7541387_zpid/,7541387,,SINGLE FAMILY,"$495,000",3739 E Yale St,Phoenix,AZ,85008,3,2,1457,6020 sqft,
https://www.zillow.com/homedetails/5622-W-Top-Hand-Trl-Laveen-AZ-85339/352644364_zpid/,352644364,,SINGLE FAMILY,"$480,000",5622 W Top Hand Trl,Laveen,AZ,85339,5,3,2972,5175 sqft,
https://www.zillow.com/homedetails/3136-W-Voltaire-Ave-Phoenix-AZ-85029/7747950_zpid/,7747950,,SINGLE FAMILY,"$329,900",3136 W Voltaire Ave,Phoenix,AZ,85029,4,2,1610,6750 sqft,
https://www.zillow.com/homedetails/4656-N-101st-Ave-Phoenix-AZ-85037/7483928_zpid/,7483928,,SINGLE FAMILY,"$387,000",4656 N 101st Ave,Phoenix,AZ,85037,3,2,1628,8420 sqft,
https://www.zillow.com/homedetails/2615-N-29th-Pl-Phoenix-AZ-85008/7542783_zpid/,7542783,,SINGLE FAMILY,"$385,000",2615 N 29th Pl,Phoenix,AZ,85008,2,1,940,0.2640955004591368 acres,
https://www.zillow.com/homedetails/7607-N-17th-Ave-Phoenix-AZ-85021/7777181_zpid/,7777181,,SINGLE FAMILY,"$529,000",7607 N 17th Ave,Phoenix,AZ,85021,3,2,1440,9675 sqft,2229
https://www.zillow.com/homedetails/2124-W-Maricopa-St-Phoenix-AZ-85009/7515872_zpid/,7515872,,SINGLE FAMILY,"$284,999",2124 W Maricopa St,Phoenix,AZ,85009,3,1,1034,6303 sqft,
https://www.zillow.com/homedetails/710-W-Ardmore-Rd-Phoenix-AZ-85041/95070823_zpid/,95070823,,SINGLE FAMILY,"$639,900",710 W Ardmore Rd,Phoenix,AZ,85041,5,3,2862,8874 sqft,
https://www.zillow.com/homedetails/1172-E-Cheryl-Dr-Phoenix-AZ-85020/7787912_zpid/,7787912,,SINGLE FAMILY,"$325,000",1172 E Cheryl Dr,Phoenix,AZ,85020,3,2,1194,2054 sqft,
https://www.zillow.com/homedetails/5011-S-20th-Pl-Phoenix-AZ-85040/7546825_zpid/,7546825,,SINGLE FAMILY,"$299,999",5011 S 20th Pl,Phoenix,AZ,85040,3,2,957,5998 sqft,
https://www.zillow.com/homedetails/24637-N-39th-Ave-Glendale-AZ-85310/7931969_zpid/,7931969,,SINGLE FAMILY,"$365,000",24637 N 39th Ave,Glendale,AZ,85310,3,2,1107,5756 sqft,
https://www.zillow.com/homedetails/2036-W-Windrose-Dr-Phoenix-AZ-85029/7738795_zpid/,7738795,,SINGLE FAMILY,"$384,500",2036 W Windrose Dr,Phoenix,AZ,85029,4,3,1284,6113 sqft,
https://www.zillow.com/homedetails/1545-W-Marco-Polo-Rd-Phoenix-AZ-85027/7969278_zpid/,7969278,,SINGLE FAMILY,"$400,000",1545 W Marco Polo Rd,Phoenix,AZ,85027,4,2,1333,6393 sqft,
https://www.zillow.com/homedetails/3402-W-Crocus-Dr-Phoenix-AZ-85053/7943478_zpid/,7943478,,SINGLE FAMILY,"$520,000",3402 W Crocus Dr,Phoenix,AZ,85053,4,3,2360,9291 sqft,
https://www.zillow.com/homedetails/2909-W-Bowker-St-Phoenix-AZ-85041/71605270_zpid/,71605270,,SINGLE FAMILY,"$469,000",2909 W Bowker St,Phoenix,AZ,85041,4,3,2315,6050 sqft,
https://www.zillow.com/homedetails/7704-S-53rd-Dr-Laveen-AZ-85339/81976199_zpid/,81976199,,SINGLE FAMILY,"$520,000",7704 S 53rd Dr,Laveen,AZ,85339,5,3.5,3138,0.273989898989899 acres,
https://www.zillow.com/homedetails/3915-W-Voltaire-Ave-Phoenix-AZ-85029/7741889_zpid/,7741889,,SINGLE FAMILY,"$380,000",3915 W Voltaire Ave,Phoenix,AZ,85029,4,2,1859,9495 sqft,
https://www.zillow.com/homedetails/9031-W-Whitton-Ave-Phoenix-AZ-85037/7470772_zpid/,7470772,,SINGLE FAMILY,"$345,000",9031 W Whitton Ave,Phoenix,AZ,85037,4,3,1610,7401 sqft,
https://www.zillow.com/homedetails/4102-E-Tonto-St-Phoenix-AZ-85044/8151138_zpid/,8151138,,SINGLE FAMILY,"$669,900",4102 E Tonto St,Phoenix,AZ,85044,4,2,2075,6987 sqft,
https://www.zillow.com/homedetails/1814-W-Minton-St-Phoenix-AZ-85041/121857510_zpid/,121857510,,SINGLE FAMILY,"$330,000",1814 W Minton St,Phoenix,AZ,85041,4,2.5,1791,2320 sqft,
https://www.zillow.com/homedetails/7750-W-Clarendon-Ave-Phoenix-AZ-85033/7478454_zpid/,7478454,,SINGLE FAMILY,"$299,900",7750 W Clarendon Ave,Phoenix,AZ,85033,4,2,1261,7017 sqft,
https://www.zillow.com/homedetails/1806-W-McNeil-St-Phoenix-AZ-85041/95185906_zpid/,95185906,,SINGLE FAMILY,"$975,000",1806 W McNeil St,Phoenix,AZ,85041,4,3,2927,0.6216253443526171 acres,
https://www.zillow.com/homedetails/4805-E-Kachina-Trl-UNIT-3-Phoenix-AZ-85044/448817258_zpid/,448817258,,TOWNHOUSE,"$300,000",4805 E Kachina Trl UNIT 3,Phoenix,AZ,85044,2,2.5,1328,1938 sqft,
https://www.zillow.com/homedetails/4020-N-34th-St-Phoenix-AZ-85018/7565613_zpid/,7565613,,SINGLE FAMILY,"$725,000",4020 N 34th St,Phoenix,AZ,85018,3,2,1681,7288 sqft,
https://www.zillow.com/homedetails/7811-N-32nd-Ave-Phoenix-AZ-85051/7758227_zpid/,7758227,,SINGLE FAMILY,"$504,900",7811 N 32nd Ave,Phoenix,AZ,85051,3,2,2310,0.2741046831955923 acres,
https://www.zillow.com/homedetails/2913-E-Earll-Dr-Phoenix-AZ-85016/7538705_zpid/,7538705,,SINGLE FAMILY,"$475,000",2913 E Earll Dr,Phoenix,AZ,85016,3,2,1423,7161 sqft,
https://www.zillow.com/homedetails/2809-E-Hillery-Dr-Phoenix-AZ-85032/8011523_zpid/,8011523,,SINGLE FAMILY,"$685,000",2809 E Hillery Dr,Phoenix,AZ,85032,4,2,2015,10337 sqft,
https://www.zillow.com/homedetails/18223-N-21st-Pl-52-Phoenix-AZ-85022/2062660652_zpid/,2062660652,,MANUFACTURED,"$134,900",18223 N 21st Pl #52,Phoenix,AZ,85022,3,2,1344, ,
https://www.zillow.com/homedetails/3019-W-Libby-St-Phoenix-AZ-85053/7940806_zpid/,7940806,,SINGLE FAMILY,"$395,000",3019 W Libby St,Phoenix,AZ,85053,3,2,1600,8667 sqft,
https://www.zillow.com/homedetails/1807-E-Campbell-Ave-Phoenix-AZ-85016/7804455_zpid/,7804455,,SINGLE FAMILY,"$1,235,000",1807 E Campbell Ave,Phoenix,AZ,85016,4,3.5,2770,7357 sqft,
https://www.zillow.com/homedetails/3708-E-Joan-De-Arc-Ave-Phoenix-AZ-85032/7813694_zpid/,7813694,,SINGLE FAMILY,"$447,900",3708 E Joan De Arc Ave,Phoenix,AZ,85032,4,2,1542,6098 sqft,
https://www.zillow.com/homedetails/1216-W-Rovey-Ave-Phoenix-AZ-85013/7775338_zpid/,7775338,,SINGLE FAMILY,"$400,000",1216 W Rovey Ave,Phoenix,AZ,85013,2,2.5,1667,9713 sqft,
https://www.zillow.com/homedetails/18020-N-1st-St-Phoenix-AZ-85022/7956053_zpid/,7956053,,MANUFACTURED,"$316,000",18020 N 1st St,Phoenix,AZ,85022,4,3,1536,7813 sqft,
https://www.zillow.com/homedetails/3724-W-Bloomfield-Rd-Phoenix-AZ-85029/7743196_zpid/,7743196,,SINGLE FAMILY,"$324,000",3724 W Bloomfield Rd,Phoenix,AZ,85029,3,2.5,1690,7054 sqft,
https://www.zillow.com/homedetails/1837-E-Presidio-Rd-Phoenix-AZ-85022/7818810_zpid/,7818810,,SINGLE FAMILY,"$409,900",1837 E Presidio Rd,Phoenix,AZ,85022,3,2,1456,8833 sqft,
https://www.zillow.com/homedetails/3346-W-Aire-Libre-Ave-Phoenix-AZ-85053/7953500_zpid/,7953500,,SINGLE FAMILY,"$539,500",3346 W Aire Libre Ave,Phoenix,AZ,85053,4,3,2053,10323 sqft,
https://www.zillow.com/homedetails/3501-W-Diana-Ave-Phoenix-AZ-85051/7753499_zpid/,7753499,,SINGLE FAMILY,"$275,000",3501 W Diana Ave,Phoenix,AZ,85051,3,2,1846,9673 sqft,
https://www.zillow.com/homedetails/2351-W-Hunter-Ct-Phoenix-AZ-85085/71620457_zpid/,71620457,,SINGLE FAMILY,"$545,000",2351 W Hunter Ct,Phoenix,AZ,85085,3,2.5,2325,4500 sqft,
https://www.zillow.com/homedetails/8026-W-Hilton-Ave-Phoenix-AZ-85043/52424015_zpid/,52424015,,SINGLE FAMILY,"$425,000",8026 W Hilton Ave,Phoenix,AZ,85043,3,2,1815,8048 sqft,2317
https://www.zillow.com/homedetails/4757-W-Wethersfield-Rd-Glendale-AZ-85304/7954453_zpid/,7954453,,SINGLE FAMILY,"$380,000",4757 W Wethersfield Rd,Glendale,AZ,85304,3,2,2068,8396 sqft,2656
https://www.zillow.com/homedetails/21665-N-47th-Pl-Phoenix-AZ-85050/7988101_zpid/,7988101,,SINGLE FAMILY,"$595,000",21665 N 47th Pl,Phoenix,AZ,85050,4,2.5,1610,6640 sqft,
https://www.zillow.com/homedetails/5932-W-Holly-St-Phoenix-AZ-85035/7491439_zpid/,7491439,,SINGLE FAMILY,"$300,000",5932 W Holly St,Phoenix,AZ,85035,3,2,1280,6477 sqft,
https://www.zillow.com/homedetails/3740-E-Mercer-Ln-Phoenix-AZ-85028/7819549_zpid/,7819549,,SINGLE FAMILY,"$649,900",3740 E Mercer Ln,Phoenix,AZ,85028,4,2,1792,10439 sqft,
https://www.zillow.com/homedetails/6550-W-Wolf-St-Phoenix-AZ-85033/7712488_zpid/,7712488,,SINGLE FAMILY,"$415,000",6550 W Wolf St,Phoenix,AZ,85033,4,2,1958,7387 sqft,
https://www.zillow.com/homedetails/7934-W-Gibson-Ln-Phoenix-AZ-85043/52424000_zpid/,52424000,,SINGLE FAMILY,"$399,900",7934 W Gibson Ln,Phoenix,AZ,85043,4,2,1991,7919 sqft,
https://www.zillow.com/homedetails/3222-W-Hearn-Rd-Phoenix-AZ-85053/7943217_zpid/,7943217,,SINGLE FAMILY,"$425,000",3222 W Hearn Rd,Phoenix,AZ,85053,5,2,2127,0.30624426078971534 acres,
https://www.zillow.com/homedetails/2049-W-Joan-De-Arc-Ave-Phoenix-AZ-85029/7749678_zpid/,7749678,,SINGLE FAMILY,"$375,000",2049 W Joan De Arc Ave,Phoenix,AZ,85029,5,2,1522,7002 sqft,
https://www.zillow.com/homedetails/18025-N-20th-Pkwy-Phoenix-AZ-85023/7957603_zpid/,7957603,,SINGLE FAMILY,"$449,995",18025 N 20th Pkwy,Phoenix,AZ,85023,3,1.75,1824,8864 sqft,
https://www.zillow.com/homedetails/6722-W-Taylor-St-294-Phoenix-AZ-85043/2057130744_zpid/,2057130744,,MANUFACTURED,"$147,000",6722 W Taylor St #294,Phoenix,AZ,85043,4,2,1475,7124 sqft,
https://www.zillow.com/homedetails/725-W-Beth-Dr-Phoenix-AZ-85041/59265959_zpid/,59265959,,SINGLE FAMILY,"$430,000",725 W Beth Dr,Phoenix,AZ,85041,5,3,2923,6600 sqft,
https://www.zillow.com/homedetails/717-E-Palmaire-Ave-Phoenix-AZ-85020/7792159_zpid/,7792159,,SINGLE FAMILY,"$599,500",717 E Palmaire Ave,Phoenix,AZ,85020,4,2,2112,0.27529843893480255 acres,
https://www.zillow.com/homedetails/3720-E-Tierra-Buena-Ln-Phoenix-AZ-85032/95086871_zpid/,95086871,,SINGLE FAMILY,"$1,395,000",3720 E Tierra Buena Ln,Phoenix,AZ,85032,4,4,2783,0.42238292011019285 acres,
https://www.zillow.com/homedetails/16021-N-30th-St-UNIT-109-Phoenix-AZ-85032/59266715_zpid/,59266715,,TOWNHOUSE,"$300,000",16021 N 30th St UNIT 109,Phoenix,AZ,85032,2,2,1172,1668 sqft,
https://www.zillow.com/homedetails/1101-E-Bethany-Home-Rd-UNIT-1-Phoenix-AZ-85014/7799884_zpid/,7799884,,CONDO,"$310,000",1101 E Bethany Home Rd UNIT 1,Phoenix,AZ,85014,2,2,1020,1098 sqft,1701
https://www.zillow.com/homedetails/2234-E-Lawrence-Rd-Phoenix-AZ-85016/7808431_zpid/,7808431,,SINGLE FAMILY,"$875,000",2234 E Lawrence Rd,Phoenix,AZ,85016,4,2.5,2425,10337 sqft,
https://www.zillow.com/homedetails/6808-N-11th-St-Phoenix-AZ-85014/7796162_zpid/,7796162,,SINGLE FAMILY,"$614,900",6808 N 11th St,Phoenix,AZ,85014,4,2,1729,7370 sqft,
https://www.zillow.com/homedetails/9028-N-10th-St-Phoenix-AZ-85020/7787229_zpid/,7787229,,SINGLE FAMILY,"$275,000",9028 N 10th St,Phoenix,AZ,85020,2,1,795,9044 sqft,
https://www.zillow.com/homedetails/8354-W-Vernon-Ave-Phoenix-AZ-85037/89220284_zpid/,89220284,,TOWNHOUSE,"$267,500",8354 W Vernon Ave,Phoenix,AZ,85037,2,2.5,1519,2065 sqft,
https://www.zillow.com/homedetails/3140-W-Alvarado-Rd-Phoenix-AZ-85009/7510987_zpid/,7510987,,SINGLE FAMILY,"$310,000",3140 W Alvarado Rd,Phoenix,AZ,85009,3,3,1092,6055 sqft,
https://www.zillow.com/homedetails/1425-E-Desert-Cove-Ave-UNIT-49-Phoenix-AZ-85020/2061833092_zpid/,2061833092,,TOWNHOUSE,"$215,000",1425 E Desert Cove Ave UNIT 49,Phoenix,AZ,85020,2,2,1592,995 sqft,
https://www.zillow.com/homedetails/6221-S-45th-Gln-Laveen-AZ-85339/67773531_zpid/,67773531,,SINGLE FAMILY,"$595,000",6221 S 45th Gln,Laveen,AZ,85339,5,3,3259,9462 sqft,
https://www.zillow.com/homedetails/2941-W-Michigan-Ave-Phoenix-AZ-85053/7940686_zpid/,7940686,,SINGLE FAMILY,"$389,999",2941 W Michigan Ave,Phoenix,AZ,85053,4,2,1640,8247 sqft,2133
https://www.zillow.com/homedetails/513-E-Rose-Ln-Phoenix-AZ-85012/7798129_zpid/,7798129,,SINGLE FAMILY,"$1,295,000",513 E Rose Ln,Phoenix,AZ,85012,4,2,2486,0.3457070707070707 acres,
https://www.zillow.com/homedetails/3702-W-Abraham-Ln-Glendale-AZ-85308/7937189_zpid/,7937189,,MANUFACTURED,"$275,000",3702 W Abraham Ln,Glendale,AZ,85308,2,2,1512,9722 sqft,
https://www.zillow.com/homedetails/3479-E-Presidio-Rd-Phoenix-AZ-85032/7819868_zpid/,7819868,,SINGLE FAMILY,"$385,000",3479 E Presidio Rd,Phoenix,AZ,85032,3,2,1110,7089 sqft,
https://www.zillow.com/homedetails/725-W-Portland-St-Phoenix-AZ-85007/7521349_zpid/,7521349,,SINGLE FAMILY,"$790,000",725 W Portland St,Phoenix,AZ,85007,3,3,2087,8908 sqft,
https://www.zillow.com/homedetails/16216-N-47th-Ave-Glendale-AZ-85306/7951154_zpid/,7951154,,SINGLE FAMILY,"$459,900",16216 N 47th Ave,Glendale,AZ,85306,4,1.75,1731,8429 sqft,
https://www.zillow.com/homedetails/2840-W-Marlette-Ave-Phoenix-AZ-85017/7759770_zpid/,7759770,,SINGLE FAMILY,"$339,900",2840 W Marlette Ave,Phoenix,AZ,85017,4,2,1395,6543 sqft,
https://www.zillow.com/homedetails/914-W-Sahuaro-Dr-Phoenix-AZ-85029/7785158_zpid/,7785158,,SINGLE FAMILY,"$389,900",914 W Sahuaro Dr,Phoenix,AZ,85029,4,3.5,1025,9485 sqft,
https://www.zillow.com/homedetails/19817-N-17th-Ln-Phoenix-AZ-85027/7969145_zpid/,7969145,,SINGLE FAMILY,"$360,000",19817 N 17th Ln,Phoenix,AZ,85027,3,2,1320,7121 sqft,
https://www.zillow.com/homedetails/5312-E-Windsor-Ave-Phoenix-AZ-85008/7562726_zpid/,7562726,,SINGLE FAMILY,"$395,000",5312 E Windsor Ave,Phoenix,AZ,85008,2,2,1007,2362 sqft,
https://www.zillow.com/homedetails/3525-W-Kings-Ave-Phoenix-AZ-85053/7946241_zpid/,7946241,,SINGLE FAMILY,"$545,000",3525 W Kings Ave,Phoenix,AZ,85053,4,3,2291,8444 sqft,
https://www.zillow.com/homedetails/33828-N-Pate-Pl-Cave-Creek-AZ-85331/55266571_zpid/,55266571,,SINGLE FAMILY,"$849,000",33828 N Pate Pl,Cave Creek,AZ,85331,4,3,3141,8586 sqft,
https://www.zillow.com/homedetails/4306-N-50th-Ave-Phoenix-AZ-85031/7720762_zpid/,7720762,,SINGLE FAMILY,"$299,900",4306 N 50th Ave,Phoenix,AZ,85031,3,2,1189,6020 sqft,
https://www.zillow.com/homedetails/3150-E-Beardsley-Rd-UNIT-1091-Phoenix-AZ-85050/55120137_zpid/,55120137,,CONDO,"$369,000",3150 E Beardsley Rd UNIT 1091,Phoenix,AZ,85050,3,2.5,1361,95 sqft,
https://www.zillow.com/homedetails/1844-W-Virginia-Ave-Phoenix-AZ-85007/7519881_zpid/,7519881,,SINGLE FAMILY,"$475,000",1844 W Virginia Ave,Phoenix,AZ,85007,3,2,1750,8019 sqft,
https://www.zillow.com/homedetails/8502-N-26th-Ave-Phoenix-AZ-85021/7779704_zpid/,7779704,,SINGLE FAMILY,"$299,000",8502 N 26th Ave,Phoenix,AZ,85021,3,2,1092,8699 sqft,
https://www.zillow.com/homedetails/4953-W-Acoma-Dr-Glendale-AZ-85306/7952325_zpid/,7952325,,SINGLE FAMILY,"$554,999",4953 W Acoma Dr,Glendale,AZ,85306,4,2,2324,0.2710514233241506 acres,
https://www.zillow.com/homedetails/4714-E-Broadway-Rd-Phoenix-AZ-85040/7556919_zpid/,7556919,,TOWNHOUSE,"$189,900",4714 E Broadway Rd,Phoenix,AZ,85040,2,1,924,1124 sqft,
https://www.zillow.com/homedetails/5545-N-41st-Dr-Phoenix-AZ-85019/7718824_zpid/,7718824,,SINGLE FAMILY,"$470,000",5545 N 41st Dr,Phoenix,AZ,85019,5,3.5,2320,8372 sqft,
https://www.zillow.com/homedetails/34306-N-6th-Dr-Phoenix-AZ-85085/95110786_zpid/,95110786,,SINGLE FAMILY,"$1,575,000",34306 N 6th Dr,Phoenix,AZ,85085,4,4,3060,1.0018 acres,
https://www.zillow.com/homedetails/6328-W-Fawn-Dr-Laveen-AZ-85339/71607665_zpid/,71607665,,SINGLE FAMILY,"$345,000",6328 W Fawn Dr,Laveen,AZ,85339,3,2,1405,3600 sqft,
https://www.zillow.com/homedetails/5714-N-14th-St-Phoenix-AZ-85014/7799650_zpid/,7799650,,SINGLE FAMILY,"$699,000",5714 N 14th St,Phoenix,AZ,85014,3,2,1879,6930 sqft,
https://www.zillow.com/homedetails/4502-W-Greenway-Rd-Glendale-AZ-85306/7951566_zpid/,7951566,,SINGLE FAMILY,"$760,000",4502 W Greenway Rd,Glendale,AZ,85306,5,2,2471,0.8106290174471993 acres,
https://www.zillow.com/homedetails/1120-S-4th-Ave-2-Phoenix-AZ-85003/442376349_zpid/,442376349,,MULTI FAMILY,"$619,999",1120 S 4th Ave #2,Phoenix,AZ,85003,6,2,2360, ,
https://www.zillow.com/homedetails/4338-W-Creedance-Blvd-Glendale-AZ-85310/7930572_zpid/,7930572,,SINGLE FAMILY,"$515,000",4338 W Creedance Blvd,Glendale,AZ,85310,3,2,1641,6932 sqft,
https://www.zillow.com/homedetails/18819-N-49th-Ave-Glendale-AZ-85308/7939549_zpid/,7939549,,SINGLE FAMILY,"$515,000",18819 N 49th Ave,Glendale,AZ,85308,3,2,1583,0.27180899908172634 acres,
https://www.zillow.com/homedetails/4410-N-20th-Ave-Phoenix-AZ-85015/7767443_zpid/,7767443,,SINGLE FAMILY,"$549,900",4410 N 20th Ave,Phoenix,AZ,85015,5,3,2200,0.252089072543618 acres,
https://www.zillow.com/homedetails/25841-N-66th-Dr-Phoenix-AZ-85083/50184930_zpid/,50184930,,SINGLE FAMILY,"$514,999",25841 N 66th Dr,Phoenix,AZ,85083,4,2,1884,8900 sqft,
https://www.zillow.com/homedetails/34242-N-10th-St-Phoenix-AZ-85085/7980256_zpid/,7980256,,SINGLE FAMILY,"$799,000",34242 N 10th St,Phoenix,AZ,85085,4,2,2689,1.007 acres,
https://www.zillow.com/homedetails/4243-N-15th-Dr-Phoenix-AZ-85015/7772018_zpid/,7772018,,SINGLE FAMILY,"$565,000",4243 N 15th Dr,Phoenix,AZ,85015,4,2,1559,8442 sqft,
https://www.zillow.com/homedetails/26253-N-43rd-Pl-Phoenix-AZ-85050/7984044_zpid/,7984044,,SINGLE FAMILY,"$589,000",26253 N 43rd Pl,Phoenix,AZ,85050,3,2,1454,4984 sqft,
https://www.zillow.com/homedetails/1022-E-Mariposa-St-Phoenix-AZ-85014/7769342_zpid/,7769342,,SINGLE FAMILY,"$479,900",1022 E Mariposa St,Phoenix,AZ,85014,4,3,1720,7568 sqft,
https://www.zillow.com/homedetails/4319-E-Tanglewood-Dr-Phoenix-AZ-85048/8158466_zpid/,8158466,,SINGLE FAMILY,"$550,000",4319 E Tanglewood Dr,Phoenix,AZ,85048,4,2.5,2059,6630 sqft,
https://www.zillow.com/homedetails/24121-N-24th-Pl-Phoenix-AZ-85024/81954719_zpid/,81954719,,SINGLE FAMILY,"$879,000",24121 N 24th Pl,Phoenix,AZ,85024,4,2.5,2803,9800 sqft,
https://www.zillow.com/homedetails/8520-W-Palm-Ln-UNIT-1131-Phoenix-AZ-85037/7474285_zpid/,7474285,,SINGLE FAMILY,"$265,000",8520 W Palm Ln UNIT 1131,Phoenix,AZ,85037,3,2,1224,1899 sqft,
https://www.zillow.com/homedetails/901-W-Beck-Ln-Phoenix-AZ-85023/7960519_zpid/,7960519,,SINGLE FAMILY,"$750,000",901 W Beck Ln,Phoenix,AZ,85023,5,3,3018,9243 sqft,
https://www.zillow.com/homedetails/3811-E-Evans-Dr-Phoenix-AZ-85032/8012718_zpid/,8012718,,SINGLE FAMILY,"$600,000",3811 E Evans Dr,Phoenix,AZ,85032,4,2,1907,7840.8 sqft,2650
https://www.zillow.com/homedetails/11011-N-39th-St-Phoenix-AZ-85028/7821196_zpid/,7821196,,SINGLE FAMILY,"$654,500",11011 N 39th St,Phoenix,AZ,85028,3,2,1958,0.2994949494949495 acres,
https://www.zillow.com/homedetails/1213-W-Beck-Ln-Phoenix-AZ-85023/7960536_zpid/,7960536,,SINGLE FAMILY,"$620,000",1213 W Beck Ln,Phoenix,AZ,85023,4,3,2314,9329 sqft,
https://www.zillow.com/homedetails/4809-E-Red-Range-Way-Cave-Creek-AZ-85331/7977201_zpid/,7977201,,SINGLE FAMILY,"$835,000",4809 E Red Range Way,Cave Creek,AZ,85331,4,2,2410,0.25826446280991733 acres,
https://www.zillow.com/homedetails/1430-E-Diamond-St-Phoenix-AZ-85006/7530653_zpid/,7530653,,SINGLE FAMILY,"$340,000",1430 E Diamond St,Phoenix,AZ,85006,3,1,1430,6290 sqft,2090
https://www.zillow.com/homedetails/9428-N-9th-Ave-Phoenix-AZ-85021/7782040_zpid/,7782040,,SINGLE FAMILY,"$339,900",9428 N 9th Ave,Phoenix,AZ,85021,6,3,1920,9312 sqft,
https://www.zillow.com/homedetails/1438-E-Darrel-Rd-Phoenix-AZ-85042/55258718_zpid/,55258718,,SINGLE FAMILY,"$490,000",1438 E Darrel Rd,Phoenix,AZ,85042,5,2,2504,8000 sqft,
https://www.zillow.com/homedetails/16239-S-18th-Pl-Phoenix-AZ-85048/8162383_zpid/,8162383,,SINGLE FAMILY,"$1,199,000",16239 S 18th Pl,Phoenix,AZ,85048,4,3,3263,0.303099173553719 acres,
https://www.zillow.com/homedetails/1749-W-Monterosa-St-Phoenix-AZ-85015/7772142_zpid/,7772142,,SINGLE FAMILY,"$515,000",1749 W Monterosa St,Phoenix,AZ,85015,4,3,2140,0.2817033976124885 acres,
https://www.zillow.com/homedetails/2116-W-Fawn-Dr-Phoenix-AZ-85041/60984190_zpid/,60984190,,SINGLE FAMILY,"$457,500",2116 W Fawn Dr,Phoenix,AZ,85041,4,2.5,2433,10106 sqft,
https://www.zillow.com/homedetails/4506-E-Michigan-Ave-Phoenix-AZ-85032/8017384_zpid/,8017384,,SINGLE FAMILY,"$569,000",4506 E Michigan Ave,Phoenix,AZ,85032,4,3,2105,7039 sqft,
https://www.zillow.com/homedetails/4602-W-Monte-Cristo-Ave-Glendale-AZ-85306/7951620_zpid/,7951620,,SINGLE FAMILY,"$875,000",4602 W Monte Cristo Ave,Glendale,AZ,85306,3,2,2182,0.849931129476584 acres,
https://www.zillow.com/homedetails/2218-E-Desert-Trumpet-Rd-Phoenix-AZ-85048/8160011_zpid/,8160011,,SINGLE FAMILY,"$558,000",2218 E Desert Trumpet Rd,Phoenix,AZ,85048,4,2,1817,10045 sqft,
https://www.zillow.com/homedetails/9245-S-4th-Ave-Phoenix-AZ-85041/8132704_zpid/,8132704,,SINGLE FAMILY,"$399,990",9245 S 4th Ave,Phoenix,AZ,85041,5,3,1283,7348 sqft,
https://www.zillow.com/homedetails/3659-W-Windrose-Dr-Phoenix-AZ-85029/7742932_zpid/,7742932,,SINGLE FAMILY,"$449,900",3659 W Windrose Dr,Phoenix,AZ,85029,4,2,1726,8527 sqft,
https://www.zillow.com/homedetails/535-W-Thomas-Rd-APT-407-Phoenix-AZ-85013/145869886_zpid/,145869886,,CONDO,"$255,000",535 W Thomas Rd APT 407,Phoenix,AZ,85013,1,1,934,849 sqft,
https://www.zillow.com/homedetails/3212-W-Walter-Way-Phoenix-AZ-85027/50882129_zpid/,50882129,,SINGLE FAMILY,"$680,000",3212 W Walter Way,Phoenix,AZ,85027,4,2.5,2704,8400 sqft,
https://www.zillow.com/homedetails/3363-W-Lone-Cactus-Dr-Phoenix-AZ-85027/7933717_zpid/,7933717,,SINGLE FAMILY,"$450,000",3363 W Lone Cactus Dr,Phoenix,AZ,85027,3,2,1888,6893 sqft,
https://www.zillow.com/homedetails/2908-E-Michelle-Dr-Phoenix-AZ-85032/7998916_zpid/,7998916,,SINGLE FAMILY,"$449,995",2908 E Michelle Dr,Phoenix,AZ,85032,3,2,1759,7300 sqft,
https://www.zillow.com/homedetails/8641-N-37th-Ave-Phoenix-AZ-85051/7753532_zpid/,7753532,,SINGLE FAMILY,"$369,900",8641 N 37th Ave,Phoenix,AZ,85051,4,2,1288,6007 sqft,
https://www.zillow.com/homedetails/5220-W-Desert-Ln-Laveen-AZ-85339/55272639_zpid/,55272639,,SINGLE FAMILY,"$429,990",5220 W Desert Ln,Laveen,AZ,85339,4,2.75,1764,6049 sqft,2361
https://www.zillow.com/homedetails/2001-E-Renee-Dr-Phoenix-AZ-85024/7995004_zpid/,7995004,,SINGLE FAMILY,"$530,000",2001 E Renee Dr,Phoenix,AZ,85024,4,2,1810,6380 sqft,
https://www.zillow.com/homedetails/4433-E-Wood-St-Phoenix-AZ-85040/7557163_zpid/,7557163,,TOWNHOUSE,"$175,000",4433 E Wood St,Phoenix,AZ,85040,2,1.5,924,814 sqft,
https://www.zillow.com/homedetails/11208-S-52nd-Ln-Laveen-AZ-85339/95182329_zpid/,95182329,,SINGLE FAMILY,"$745,000",11208 S 52nd Ln,Laveen,AZ,85339,3,3,2392,0.2988751147842057 acres,2542
https://www.zillow.com/homedetails/26235-N-45th-Pl-Phoenix-AZ-85050/7983899_zpid/,7983899,,SINGLE FAMILY,"$699,990",26235 N 45th Pl,Phoenix,AZ,85050,4,3,2132,6182 sqft,
https://www.zillow.com/homedetails/22023-N-30th-Ln-Phoenix-AZ-85027/55265433_zpid/,55265433,,SINGLE FAMILY,"$378,500",22023 N 30th Ln,Phoenix,AZ,85027,3,2.5,1599,2580 sqft,
https://www.zillow.com/homedetails/7037-W-Sophie-Ln-Laveen-AZ-85339/67800779_zpid/,67800779,,SINGLE FAMILY,"$410,000",7037 W Sophie Ln,Laveen,AZ,85339,4,2,1918,6325 sqft,
https://www.zillow.com/homedetails/4043-E-Burgess-Ln-Phoenix-AZ-85042/7551371_zpid/,7551371,,SINGLE FAMILY,"$375,000",4043 E Burgess Ln,Phoenix,AZ,85042,3,2,1274,6704 sqft,
https://www.zillow.com/homedetails/3802-W-Rue-De-Lamour-Ave-Phoenix-AZ-85029/7741489_zpid/,7741489,,SINGLE FAMILY,"$415,000",3802 W Rue De Lamour Ave,Phoenix,AZ,85029,3,2,1513,7960 sqft,
https://www.zillow.com/homedetails/2120-E-Bluefield-Ave-LOT-108-Phoenix-AZ-85022/342084199_zpid/,342084199,,MANUFACTURED,"$153,000",2120 E Bluefield Ave LOT 108,Phoenix,AZ,85022,3,2,1688,4650 sqft,
https://www.zillow.com/homedetails/3517-E-Blanche-Dr-Phoenix-AZ-85032/8013317_zpid/,8013317,,SINGLE FAMILY,"$379,000",3517 E Blanche Dr,Phoenix,AZ,85032,3,1,1151,5975 sqft,
https://www.zillow.com/homedetails/6001-N-10th-Way-Phoenix-AZ-85014/7797829_zpid/,7797829,,SINGLE FAMILY,"$620,000",6001 N 10th Way,Phoenix,AZ,85014,4,2,2406,4988 sqft,
https://www.zillow.com/homedetails/5808-S-12th-Ln-Phoenix-AZ-85041/2061670841_zpid/,2061670841,,SINGLE FAMILY,"$384,900",5808 S 12th Ln,Phoenix,AZ,85041,4,2,1470,4355 sqft,
https://www.zillow.com/homedetails/511-E-Purdue-Ave-Phoenix-AZ-85020/7788652_zpid/,7788652,,SINGLE FAMILY,"$358,000",511 E Purdue Ave,Phoenix,AZ,85020,3,2,1186,0.31076675849403124 acres,
https://www.zillow.com/homedetails/14439-N-32nd-Pl-Phoenix-AZ-85032/92348906_zpid/,92348906,,SINGLE FAMILY,"$349,900",14439 N 32nd Pl,Phoenix,AZ,85032,3,1,1096,7436 sqft,
https://www.zillow.com/homedetails/4019-E-Surrey-Ave-Phoenix-AZ-85032/7823078_zpid/,7823078,,SINGLE FAMILY,"$588,000",4019 E Surrey Ave,Phoenix,AZ,85032,3,2,1484,8797 sqft,
https://www.zillow.com/homedetails/2338-W-Mandalay-Ln-Phoenix-AZ-85023/7961511_zpid/,7961511,,SINGLE FAMILY,"$555,000",2338 W Mandalay Ln,Phoenix,AZ,85023,4,2,1866,0.2700183654729109 acres,
https://www.zillow.com/homedetails/3260-W-Caleb-Rd-Phoenix-AZ-85083/2055038358_zpid/,2055038358,,SINGLE FAMILY,"$722,450",3260 W Caleb Rd,Phoenix,AZ,85083,4,3,2649,6600 sqft,
https://www.zillow.com/homedetails/1621-W-Mulberry-Dr-Phoenix-AZ-85015/7518027_zpid/,7518027,,SINGLE FAMILY,"$439,900",1621 W Mulberry Dr,Phoenix,AZ,85015,3,2,1539,8695 sqft,
https://www.zillow.com/homedetails/16049-N-25th-Dr-Phoenix-AZ-85023/7961086_zpid/,7961086,,TOWNHOUSE,"$290,000",16049 N 25th Dr,Phoenix,AZ,85023,3,2.5,1360,1601 sqft,
https://www.zillow.com/homedetails/4842-E-Fairmount-Ave-Phoenix-AZ-85018/7565814_zpid/,7565814,,SINGLE FAMILY,"$1,170,000",4842 E Fairmount Ave,Phoenix,AZ,85018,3,2.5,1772,6377 sqft,
https://www.zillow.com/homedetails/4801-E-Quien-Sabe-Way-Cave-Creek-AZ-85331/81971422_zpid/,81971422,,SINGLE FAMILY,"$759,500",4801 E Quien Sabe Way,Cave Creek,AZ,85331,4,2.5,3021,0.26352157943067034 acres,
https://www.zillow.com/homedetails/4037-E-Oak-St-Phoenix-AZ-85008/7560636_zpid/,7560636,,SINGLE FAMILY,"$1,500,000",4037 E Oak St,Phoenix,AZ,85008,4,3,2565,0.7592056932966024 acres,
https://www.zillow.com/homedetails/4826-N-14th-Ave-Phoenix-AZ-85013/7771446_zpid/,7771446,,SINGLE FAMILY,"$545,000",4826 N 14th Ave,Phoenix,AZ,85013,4,3,1794,7383 sqft,
https://www.zillow.com/homedetails/5709-N-16th-St-Phoenix-AZ-85016/7808927_zpid/,7808927,,SINGLE FAMILY,"$490,000",5709 N 16th St,Phoenix,AZ,85016,3,2,1281,7275 sqft,
https://www.zillow.com/homedetails/3622-W-Sunland-Ave-Phoenix-AZ-85041/7503322_zpid/,7503322,,SINGLE FAMILY,"$310,000",3622 W Sunland Ave,Phoenix,AZ,85041,5,2,1374,6129 sqft,
https://www.zillow.com/homedetails/1126-E-Lawrence-Rd-Phoenix-AZ-85014/7796089_zpid/,7796089,,SINGLE FAMILY,"$645,000",1126 E Lawrence Rd,Phoenix,AZ,85014,3,2,1468,8834 sqft,
https://www.zillow.com/homedetails/3741-W-Poinsettia-Dr-Phoenix-AZ-85029/7743913_zpid/,7743913,,SINGLE FAMILY,"$399,999",3741 W Poinsettia Dr,Phoenix,AZ,85029,4,2,1786,6208 sqft,
https://www.zillow.com/homedetails/1034-E-Sequoia-Dr-Phoenix-AZ-85024/7996495_zpid/,7996495,,SINGLE FAMILY,"$397,000",1034 E Sequoia Dr,Phoenix,AZ,85024,3,2,1353,7909 sqft,
https://www.zillow.com/homedetails/20044-N-30th-Pl-Phoenix-AZ-85050/7994185_zpid/,7994185,,SINGLE FAMILY,"$464,999",20044 N 30th Pl,Phoenix,AZ,85050,3,2,1570,5888 sqft,
https://www.zillow.com/homedetails/10407-W-Reade-Ave-Glendale-AZ-85307/7488257_zpid/,7488257,,SINGLE FAMILY,"$360,000",10407 W Reade Ave,Glendale,AZ,85307,3,2,1107,4944 sqft,
https://www.zillow.com/homedetails/2234-W-Mohawk-Ln-Phoenix-AZ-85027/7970630_zpid/,7970630,,SINGLE FAMILY,"$389,900",2234 W Mohawk Ln,Phoenix,AZ,85027,3,2,1066,7946 sqft,
https://www.zillow.com/homedetails/11404-S-38th-Ave-Laveen-AZ-85339/338666658_zpid/,338666658,,SINGLE FAMILY,"$959,000",11404 S 38th Ave,Laveen,AZ,85339,3,2.5,3190,1.4866 acres,
https://www.zillow.com/homedetails/4428-E-Shomi-St-Phoenix-AZ-85044/8150951_zpid/,8150951,,SINGLE FAMILY,"$420,000",4428 E Shomi St,Phoenix,AZ,85044,3,2.5,1645,5319 sqft,2205
https://www.zillow.com/homedetails/3338-E-Virginia-Ave-Phoenix-AZ-85008/7540939_zpid/,7540939,,SINGLE FAMILY,"$379,000",3338 E Virginia Ave,Phoenix,AZ,85008,3,2,1152,5240 sqft,
https://www.zillow.com/homedetails/4614-E-Pueblo-Ave-Phoenix-AZ-85040/7556755_zpid/,7556755,,TOWNHOUSE,"$190,000",4614 E Pueblo Ave,Phoenix,AZ,85040,3,1.5,1008,1112 sqft,
https://www.zillow.com/homedetails/2809-E-Shangri-La-Rd-Phoenix-AZ-85028/7819325_zpid/,7819325,,SINGLE FAMILY,"$750,000",2809 E Shangri La Rd,Phoenix,AZ,85028,4,3,2004,9771 sqft,
https://www.zillow.com/homedetails/19832-N-36th-Dr-Glendale-AZ-85308/7936150_zpid/,7936150,,SINGLE FAMILY,"$385,000",19832 N 36th Dr,Glendale,AZ,85308,3,2.5,1605,3970 sqft,
https://www.zillow.com/homedetails/15436-N-19th-Way-Phoenix-AZ-85022/8004359_zpid/,8004359,,SINGLE FAMILY,"$725,000",15436 N 19th Way,Phoenix,AZ,85022,4,2.5,2575,10118 sqft,
https://www.zillow.com/homedetails/8504-W-Windsor-Ave-Phoenix-AZ-85037/7487194_zpid/,7487194,,SINGLE FAMILY,"$375,000",8504 W Windsor Ave,Phoenix,AZ,85037,4,2,1544,7096 sqft,
https://www.zillow.com/homedetails/251-W-Desert-Dr-Phoenix-AZ-85041/8132086_zpid/,8132086,,SINGLE FAMILY,"$399,000",251 W Desert Dr,Phoenix,AZ,85041,4,2,1222,5998 sqft,
https://www.zillow.com/homedetails/3102-E-Desert-Broom-Way-Phoenix-AZ-85048/8150267_zpid/,8150267,,SINGLE FAMILY,"$999,900",3102 E Desert Broom Way,Phoenix,AZ,85048,4,2.5,3034,10668 sqft,
https://www.zillow.com/homedetails/22432-N-52nd-Pl-Phoenix-AZ-85054/7989261_zpid/,7989261,,SINGLE FAMILY,"$795,000",22432 N 52nd Pl,Phoenix,AZ,85054,4,2.5,2113,9534 sqft,
https://www.zillow.com/homedetails/9926-S-7th-Pl-Phoenix-AZ-85042/337527517_zpid/,337527517,,SINGLE FAMILY,"$950,000",9926 S 7th Pl,Phoenix,AZ,85042,4,3.5,3144,9100 sqft,
https://www.zillow.com/homedetails/7937-W-Williams-St-Phoenix-AZ-85043/67764491_zpid/,67764491,,SINGLE FAMILY,"$374,900",7937 W Williams St,Phoenix,AZ,85043,3,2.5,1921,5293 sqft,
https://www.zillow.com/homedetails/4416-E-Capistrano-Ave-Phoenix-AZ-85044/8141530_zpid/,8141530,,SINGLE FAMILY,"$699,900",4416 E Capistrano Ave,Phoenix,AZ,85044,3,2,2078,8224 sqft,
https://www.zillow.com/homedetails/16426-S-29th-St-Phoenix-AZ-85048/8159430_zpid/,8159430,,SINGLE FAMILY,"$549,000",16426 S 29th St,Phoenix,AZ,85048,3,2,1452,4996 sqft,
https://www.zillow.com/homedetails/12810-N-20th-St-Phoenix-AZ-85022/7818728_zpid/,7818728,,MANUFACTURED,"$389,000",12810 N 20th St,Phoenix,AZ,85022,4,2,1700,0.26678145087235994 acres,
https://www.zillow.com/homedetails/3937-W-Sweetwater-Ave-Phoenix-AZ-85029/7742375_zpid/,7742375,,SINGLE FAMILY,"$378,500",3937 W Sweetwater Ave,Phoenix,AZ,85029,3,2,1468,7999 sqft,
https://www.zillow.com/homedetails/3009-W-Lupine-Ave-Phoenix-AZ-85029/7739914_zpid/,7739914,,SINGLE FAMILY,"$385,000",3009 W Lupine Ave,Phoenix,AZ,85029,3,2,1630,4764 sqft,
https://www.zillow.com/homedetails/711-W-Northern-Ave-Phoenix-AZ-85021/7776886_zpid/,7776886,,SINGLE FAMILY,"$850,000",711 W Northern Ave,Phoenix,AZ,85021,4,3,2451,0.3069100091827365 acres,
https://www.zillow.com/homedetails/4619-N-13th-Pl-Phoenix-AZ-85014/7769193_zpid/,7769193,,SINGLE FAMILY,"$395,900",4619 N 13th Pl,Phoenix,AZ,85014,3,2,912,7214 sqft,
https://www.zillow.com/homedetails/3926-E-Cortez-St-Phoenix-AZ-85028/7818067_zpid/,7818067,,SINGLE FAMILY,"$650,000",3926 E Cortez St,Phoenix,AZ,85028,3,2,1906,0.25059687786960516 acres,
https://www.zillow.com/homedetails/4601-E-Sunnyside-Ln-Phoenix-AZ-85032/8029259_zpid/,8029259,,SINGLE FAMILY,"$849,999",4601 E Sunnyside Ln,Phoenix,AZ,85032,4,2.5,2716,0.32846648301193754 acres,
https://www.zillow.com/homedetails/4442-E-Walatowa-St-Phoenix-AZ-85044/8258171_zpid/,8258171,,SINGLE FAMILY,"$475,000",4442 E Walatowa St,Phoenix,AZ,85044,3,2,2143,8011 sqft,
https://www.zillow.com/homedetails/5976-W-Alameda-Rd-Glendale-AZ-85310/7926491_zpid/,7926491,,SINGLE FAMILY,"$593,000",5976 W Alameda Rd,Glendale,AZ,85310,4,3,2393,0.2518365472910927 acres,
https://www.zillow.com/homedetails/10852-N-39th-Ave-Phoenix-AZ-85029/7745002_zpid/,7745002,,SINGLE FAMILY,"$410,000",10852 N 39th Ave,Phoenix,AZ,85029,3,2,1570,7201 sqft,
https://www.zillow.com/homedetails/2021-E-Osborn-Rd-APT-9-Phoenix-AZ-85016/7540054_zpid/,7540054,,TOWNHOUSE,"$272,500",2021 E Osborn Rd APT 9,Phoenix,AZ,85016,2,1.5,1134,557 sqft,
https://www.zillow.com/homedetails/30844-N-41st-Pl-Cave-Creek-AZ-85331/7980467_zpid/,7980467,,SINGLE FAMILY,"$640,000",30844 N 41st Pl,Cave Creek,AZ,85331,3,2,2015,5852 sqft,
https://www.zillow.com/homedetails/1614-N-Palmcroft-Way-SE-Phoenix-AZ-85007/7520476_zpid/,7520476,,SINGLE FAMILY,"$1,050,000",1614 N Palmcroft Way SE,Phoenix,AZ,85007,4,3,1820,0.2691919191919192 acres,
https://www.zillow.com/homedetails/2514-E-Pleasant-Ln-Phoenix-AZ-85042/284857541_zpid/,284857541,,SINGLE FAMILY,"$649,000",2514 E Pleasant Ln,Phoenix,AZ,85042,4,3,2482,0.26046831955922867 acres,
https://www.zillow.com/homedetails/5234-E-Estevan-Rd-Phoenix-AZ-85054/7989287_zpid/,7989287,,SINGLE FAMILY,"$799,900",5234 E Estevan Rd,Phoenix,AZ,85054,4,2.5,2113,6584 sqft,
https://www.zillow.com/homedetails/4527-E-Amberwood-Dr-Phoenix-AZ-85048/8158616_zpid/,8158616,,SINGLE FAMILY,"$449,900",4527 E Amberwood Dr,Phoenix,AZ,85048,3,2,1508,4500 sqft,
https://www.zillow.com/homedetails/15243-N-37th-Pl-Phoenix-AZ-85032/8013151_zpid/,8013151,,SINGLE FAMILY,"$469,000",15243 N 37th Pl,Phoenix,AZ,85032,4,2,1484,7196 sqft,
https://www.zillow.com/homedetails/3129-E-Oraibi-Dr-Phoenix-AZ-85050/7994289_zpid/,7994289,,SINGLE FAMILY,"$539,500",3129 E Oraibi Dr,Phoenix,AZ,85050,3,2,1899,6050 sqft,
https://www.zillow.com/homedetails/2315-N-52nd-St-UNIT-105-Phoenix-AZ-85008/89456907_zpid/,89456907,,TOWNHOUSE,"$450,000",2315 N 52nd St UNIT 105,Phoenix,AZ,85008,3,3,1654,916 sqft,
https://www.zillow.com/homedetails/3902-E-Joan-De-Arc-Ave-Phoenix-AZ-85032/7813853_zpid/,7813853,,SINGLE FAMILY,"$469,990",3902 E Joan De Arc Ave,Phoenix,AZ,85032,3,2,1351,6215 sqft,
https://www.zillow.com/homedetails/4205-N-19th-Pl-Phoenix-AZ-85016/7804438_zpid/,7804438,,SINGLE FAMILY,"$775,000",4205 N 19th Pl,Phoenix,AZ,85016,4,2,1994,7540 sqft,3311
https://www.zillow.com/homedetails/4046-E-Crocus-Dr-Phoenix-AZ-85032/8030124_zpid/,8030124,,SINGLE FAMILY,"$410,000",4046 E Crocus Dr,Phoenix,AZ,85032,2,2,1317,8175 sqft,
https://www.zillow.com/homedetails/8828-S-16th-St-Phoenix-AZ-85042/67762488_zpid/,67762488,,SINGLE FAMILY,"$1,100,000",8828 S 16th St,Phoenix,AZ,85042,4,4,3336,2.1936 acres,
https://www.zillow.com/homedetails/2616-E-North-Ln-Phoenix-AZ-85028/7811395_zpid/,7811395,,SINGLE FAMILY,"$1,350,000",2616 E North Ln,Phoenix,AZ,85028,4,3.5,3431,0.2612947658402204 acres,
https://www.zillow.com/homedetails/4928-E-Palm-Ln-Phoenix-AZ-85008/7561937_zpid/,7561937,,SINGLE FAMILY,"$499,000",4928 E Palm Ln,Phoenix,AZ,85008,3,2,1720,6525 sqft,
https://www.zillow.com/homedetails/14660-S-8th-St-Phoenix-AZ-85048/8133697_zpid/,8133697,,SINGLE FAMILY,"$899,995",14660 S 8th St,Phoenix,AZ,85048,4,2.5,2862,0.2674012855831038 acres,
https://www.zillow.com/homedetails/3853-W-Calle-Lejos-Glendale-AZ-85310/7931522_zpid/,7931522,,SINGLE FAMILY,"$499,999",3853 W Calle Lejos,Glendale,AZ,85310,4,2,2334,7676 sqft,
https://www.zillow.com/homedetails/204-W-Portland-St-UNIT-250-Phoenix-AZ-85003/81952377_zpid/,81952377,,APARTMENT,"$697,000",204 W Portland St UNIT 250,Phoenix,AZ,85003,2,2.5,1430,1426 sqft,
https://www.zillow.com/homedetails/14021-N-24th-Ave-Phoenix-AZ-85023/7961838_zpid/,7961838,,SINGLE FAMILY,"$454,000",14021 N 24th Ave,Phoenix,AZ,85023,3,2,2054,8087 sqft,
https://www.zillow.com/homedetails/4114-E-Desert-Cove-Ave-Phoenix-AZ-85028/7827071_zpid/,7827071,,SINGLE FAMILY,"$930,000",4114 E Desert Cove Ave,Phoenix,AZ,85028,4,2,2231,0.27897153351698806 acres,
https://www.zillow.com/homedetails/6618-S-54th-Ln-Laveen-AZ-85339/71619402_zpid/,71619402,,SINGLE FAMILY,"$555,000",6618 S 54th Ln,Laveen,AZ,85339,5,3,4040,8589 sqft,
https://www.zillow.com/homedetails/21632-N-48th-St-Phoenix-AZ-85054/7987234_zpid/,7987234,,SINGLE FAMILY,"$619,900",21632 N 48th St,Phoenix,AZ,85054,3,2,1540,4685 sqft,
https://www.zillow.com/homedetails/719-E-Orangewood-Ave-Phoenix-AZ-85020/7791089_zpid/,7791089,,TOWNHOUSE,"$495,000",719 E Orangewood Ave,Phoenix,AZ,85020,3,2,1963,4095 sqft,
https://www.zillow.com/homedetails/4314-E-Montecito-Ave-Phoenix-AZ-85018/7835865_zpid/,7835865,,SINGLE FAMILY,"$855,000",4314 E Montecito Ave,Phoenix,AZ,85018,4,2,1494,7018 sqft,
https://www.zillow.com/homedetails/5238-W-Huntington-Dr-Laveen-AZ-85339/55257885_zpid/,55257885,,SINGLE FAMILY,"$415,000",5238 W Huntington Dr,Laveen,AZ,85339,4,3,1852,5040 sqft,
https://www.zillow.com/homedetails/4332-E-Greenway-Ln-Phoenix-AZ-85032/8029835_zpid/,8029835,,SINGLE FAMILY,"$799,000",4332 E Greenway Ln,Phoenix,AZ,85032,4,2,2162,7927 sqft,
https://www.zillow.com/homedetails/1901-E-Ocotillo-Rd-Phoenix-AZ-85016/7807989_zpid/,7807989,,SINGLE FAMILY,"$799,999",1901 E Ocotillo Rd,Phoenix,AZ,85016,5,4,2819,9527 sqft,
https://www.zillow.com/homedetails/9802-S-44th-St-Phoenix-AZ-85044/8259042_zpid/,8259042,,SINGLE FAMILY,"$460,000",9802 S 44th St,Phoenix,AZ,85044,3,2,1326,5293 sqft,
https://www.zillow.com/homedetails/13034-N-8th-Ave-Phoenix-AZ-85029/7784010_zpid/,7784010,,SINGLE FAMILY,"$799,900",13034 N 8th Ave,Phoenix,AZ,85029,4,2,2662,0.3907483930211203 acres,
https://www.zillow.com/homedetails/313-W-Vernon-Ave-Phoenix-AZ-85003/7536881_zpid/,7536881,,SINGLE FAMILY,"$799,000",313 W Vernon Ave,Phoenix,AZ,85003,3,3,1643,6791 sqft,
https://www.zillow.com/homedetails/118-W-Bluefield-Ave-Phoenix-AZ-85023/92348733_zpid/,92348733,,SINGLE FAMILY,"$400,000",118 W Bluefield Ave,Phoenix,AZ,85023,3,2,1367,7066 sqft,
https://www.zillow.com/homedetails/12444-N-33rd-St-Phoenix-AZ-85032/7813601_zpid/,7813601,,SINGLE FAMILY,"$749,999",12444 N 33rd St,Phoenix,AZ,85032,4,3,2145,0.27575757575757576 acres,
https://www.zillow.com/homedetails/2225-W-Carter-Rd-Phoenix-AZ-85041/60976668_zpid/,60976668,,SINGLE FAMILY,"$499,000",2225 W Carter Rd,Phoenix,AZ,85041,4,2,2484,7798 sqft,
https://www.zillow.com/homedetails/19002-N-25th-Pl-Phoenix-AZ-85050/7994796_zpid/,7994796,,SINGLE FAMILY,"$699,000",19002 N 25th Pl,Phoenix,AZ,85050,4,3,2106,7892 sqft,
https://www.zillow.com/homedetails/7607-N-22nd-Pl-Phoenix-AZ-85020/7806204_zpid/,7806204,,SINGLE FAMILY,"$769,999",7607 N 22nd Pl,Phoenix,AZ,85020,3,2,1858,0.2561065197428834 acres,
https://www.zillow.com/homedetails/1527-E-Mission-Ln-Phoenix-AZ-85020/114158321_zpid/,114158321,,SINGLE FAMILY,"$850,000",1527 E Mission Ln,Phoenix,AZ,85020,4,3,2549,9453 sqft,
https://www.zillow.com/homedetails/408-E-Silverwood-Dr-Phoenix-AZ-85048/8135054_zpid/,8135054,,SINGLE FAMILY,"$775,000",408 E Silverwood Dr,Phoenix,AZ,85048,4,2.5,3111,7505 sqft,
https://www.zillow.com/homedetails/26711-N-21st-Dr-Phoenix-AZ-85085/67805970_zpid/,67805970,,SINGLE FAMILY,"$634,900",26711 N 21st Dr,Phoenix,AZ,85085,4,2.5,2927,6875 sqft,
https://www.zillow.com/homedetails/2605-W-Van-Buren-St-LOT-80-Phoenix-AZ-85009/449334562_zpid/,449334562,,MANUFACTURED,"$110,000",2605 W Van Buren St LOT 80,Phoenix,AZ,85009,3,2,928,1012 sqft,
https://www.zillow.com/homedetails/4637-E-Beverly-Ln-Phoenix-AZ-85032/8019735_zpid/,8019735,,SINGLE FAMILY,"$729,900",4637 E Beverly Ln,Phoenix,AZ,85032,4,3,2576,10323 sqft,
https://www.zillow.com/homedetails/1632-E-Maryland-Ave-Phoenix-AZ-85016/7807849_zpid/,7807849,,SINGLE FAMILY,"$699,900",1632 E Maryland Ave,Phoenix,AZ,85016,3,2,2187,7985 sqft,
https://www.zillow.com/homedetails/908-E-State-Ave-Phoenix-AZ-85020/7791045_zpid/,7791045,,SINGLE FAMILY,"$1,175,000",908 E State Ave,Phoenix,AZ,85020,4,4,2273,8172 sqft,
https://www.zillow.com/homedetails/8102-N-Dreamy-Draw-Dr-Phoenix-AZ-85020/7812704_zpid/,7812704,,SINGLE FAMILY,"$799,999",8102 N Dreamy Draw Dr,Phoenix,AZ,85020,3,2,2327,8627 sqft,
https://www.zillow.com/homedetails/5528-W-Mine-Trl-Phoenix-AZ-85083/95122577_zpid/,95122577,,SINGLE FAMILY,"$789,000",5528 W Mine Trl,Phoenix,AZ,85083,4,3,3036,10368 sqft,
https://www.zillow.com/homedetails/3831-N-8th-St-Phoenix-AZ-85014/7534344_zpid/,7534344,,SINGLE FAMILY,"$939,900",3831 N 8th St,Phoenix,AZ,85014,5,4.5,3264,7244 sqft,
https://www.zillow.com/homedetails/1535-W-Quail-Track-Dr-Phoenix-AZ-85085/123846824_zpid/,123846824,,SINGLE FAMILY,"$1,200,000",1535 W Quail Track Dr,Phoenix,AZ,85085,6,4.5,4604,10835 sqft,
https://www.zillow.com/homedetails/25909-N-19th-Ln-Phoenix-AZ-85085/284858579_zpid/,284858579,,SINGLE FAMILY,"$999,919",25909 N 19th Ln,Phoenix,AZ,85085,4,3.5,3593,7933 sqft,
https://www.zillow.com/homedetails/23829-N-59th-Dr-Glendale-AZ-85310/7926551_zpid/,7926551,,SINGLE FAMILY,"$655,000",23829 N 59th Dr,Glendale,AZ,85310,4,3,2563,7672 sqft,3178
https://www.zillow.com/homedetails/908-W-Pershing-Ave-Phoenix-AZ-85029/68019303_zpid/,68019303,,SINGLE FAMILY,"$1,200,000",908 W Pershing Ave,Phoenix,AZ,85029,4,3,2516,0.27734159779614326 acres,
https://www.zillow.com/homedetails/10621-N-39th-St-Phoenix-AZ-85028/7819215_zpid/,7819215,,SINGLE FAMILY,"$639,000",10621 N 39th St,Phoenix,AZ,85028,3,2,1919,7769 sqft,
https://www.zillow.com/homedetails/8813-N-8th-St-UNIT-204-Phoenix-AZ-85020/2126050665_zpid/,2126050665,,TOWNHOUSE,"$189,999",8813 N 8th St UNIT 204,Phoenix,AZ,85020,2,1.75,902, ,
https://www.zillow.com/homedetails/28-E-Winged-Foot-Rd-Phoenix-AZ-85022/7964572_zpid/,7964572,,SINGLE FAMILY,"$1,075,000",28 E Winged Foot Rd,Phoenix,AZ,85022,4,3,2678,0.346900826446281 acres,3634
https://www.zillow.com/homedetails/126-E-Northern-Ave-Phoenix-AZ-85020/7794372_zpid/,7794372,,SINGLE FAMILY,"$689,000",126 E Northern Ave,Phoenix,AZ,85020,3,3.5,1961,0.25119375573921027 acres,
https://www.zillow.com/homedetails/5741-W-Soft-Wind-Dr-Glendale-AZ-85310/7926654_zpid/,7926654,,SINGLE FAMILY,"$799,000",5741 W Soft Wind Dr,Glendale,AZ,85310,4,3,3635,8639 sqft,
https://www.zillow.com/homedetails/811-W-Northern-Ave-Phoenix-AZ-85021/7776889_zpid/,7776889,,SINGLE FAMILY,"$699,499",811 W Northern Ave,Phoenix,AZ,85021,4,2,1690,0.32780073461891646 acres,
https://www.zillow.com/homedetails/3641-E-Park-Ave-Phoenix-AZ-85044/8255113_zpid/,8255113,,SINGLE FAMILY,"$789,000",3641 E Park Ave,Phoenix,AZ,85044,5,3,3106,0.27660697887970614 acres,
https://www.zillow.com/homedetails/905-E-Coronado-Rd-Phoenix-AZ-85006/7534140_zpid/,7534140,,MULTI FAMILY,"$890,890",905 E Coronado Rd,Phoenix,AZ,85006,4,3,1995,8272 sqft,
https://www.zillow.com/homedetails/4210-N-20th-St-Phoenix-AZ-85016/7804443_zpid/,7804443,,SINGLE FAMILY,"$750,000",4210 N 20th St,Phoenix,AZ,85016,3,3,1808,7527 sqft,
https://www.zillow.com/homedetails/4111-W-Reade-Ave-Phoenix-AZ-85019/7721642_zpid/,7721642,,SINGLE FAMILY,"$190,000",4111 W Reade Ave,Phoenix,AZ,85019,3,1.5,924,2073 sqft,
https://www.zillow.com/homedetails/27721-N-15th-Dr-Phoenix-AZ-85085/82238438_zpid/,82238438,,SINGLE FAMILY,"$1,175,000",27721 N 15th Dr,Phoenix,AZ,85085,4,3,3385,0.28964646464646465 acres,
https://www.zillow.com/homedetails/3901-E-Pinnacle-Peak-Rd-LOT-280-Phoenix-AZ-85050/450482942_zpid/,450482942,,MANUFACTURED,"$125,000",3901 E Pinnacle Peak Rd LOT 280,Phoenix,AZ,85050,3,2,1960, ,
https://www.zillow.com/homedetails/15028-N-9th-St-Phoenix-AZ-85022/8008508_zpid/,8008508,,SINGLE FAMILY,"$700,000",15028 N 9th St,Phoenix,AZ,85022,3,2,1773,10394 sqft,
https://www.zillow.com/homedetails/15402-N-28th-St-UNIT-112-Phoenix-AZ-85032/8007805_zpid/,8007805,,APARTMENT,"$195,000",15402 N 28th St UNIT 112,Phoenix,AZ,85032,2,2,946,936 sqft,
https://www.zillow.com/homedetails/1811-E-Tierra-Buena-Ln-Phoenix-AZ-85022/8004328_zpid/,8004328,,SINGLE FAMILY,"$670,000",1811 E Tierra Buena Ln,Phoenix,AZ,85022,3,2,1929,10208 sqft,
https://www.zillow.com/homedetails/1316-E-Vermont-Ave-Phoenix-AZ-85014/7800402_zpid/,7800402,,SINGLE FAMILY,"$899,000",1316 E Vermont Ave,Phoenix,AZ,85014,4,2,2378,0.25330578512396695 acres,
https://www.zillow.com/homedetails/2041-W-Bloomfield-Rd-APT-1-Phoenix-AZ-85029/7739095_zpid/,7739095,,TOWNHOUSE,"$179,000",2041 W Bloomfield Rd APT 1,Phoenix,AZ,85029,2,2.5,999,576 sqft,
https://www.zillow.com/homedetails/5014-E-Kirkland-Rd-Phoenix-AZ-85054/7989332_zpid/,7989332,,SINGLE FAMILY,"$699,000",5014 E Kirkland Rd,Phoenix,AZ,85054,3,2,2116,8034 sqft,
https://www.zillow.com/homedetails/4218-S-46th-Pl-Phoenix-AZ-85040/7556731_zpid/,7556731,,TOWNHOUSE,"$164,900",4218 S 46th Pl,Phoenix,AZ,85040,2,1,924,1132 sqft,
https://www.zillow.com/homedetails/16402-N-31st-St-UNIT-115-Phoenix-AZ-85032/8005947_zpid/,8005947,,CONDO,"$195,000",16402 N 31st St UNIT 115,Phoenix,AZ,85032,2,2,934,919 sqft,
https://www.zillow.com/homedetails/1236-E-McLellan-Blvd-Phoenix-AZ-85014/7796670_zpid/,7796670,,SINGLE FAMILY,"$895,000",1236 E McLellan Blvd,Phoenix,AZ,85014,3,3,2803,0.2916896235078053 acres,
https://www.zillow.com/homedetails/4305-E-Flower-St-Phoenix-AZ-85018/7563651_zpid/,7563651,,SINGLE FAMILY,"$669,000",4305 E Flower St,Phoenix,AZ,85018,4,1.75,1755,7009 sqft,
https://www.zillow.com/homedetails/22317-N-39th-Run-Phoenix-AZ-85050/67775994_zpid/,67775994,,SINGLE FAMILY,"$1,299,000",22317 N 39th Run,Phoenix,AZ,85050,4,3.5,3785,6113 sqft,4815
https://www.zillow.com/homedetails/1945-E-Solano-Dr-Phoenix-AZ-85016/7808834_zpid/,7808834,,SINGLE FAMILY,"$694,900",1945 E Solano Dr,Phoenix,AZ,85016,3,2,1677,9300 sqft,
https://www.zillow.com/homedetails/4447-E-Chaparosa-Way-Cave-Creek-AZ-85331/7980692_zpid/,7980692,,SINGLE FAMILY,"$623,000",4447 E Chaparosa Way,Cave Creek,AZ,85331,4,2.5,1797,4200 sqft,
https://www.zillow.com/homedetails/3523-W-Buckhorn-Trl-Phoenix-AZ-85083/60981319_zpid/,60981319,,SINGLE FAMILY,"$698,000",3523 W Buckhorn Trl,Phoenix,AZ,85083,4,3,2692,8232 sqft,
https://www.zillow.com/homedetails/1624-E-El-Camino-Dr-Phoenix-AZ-85020/7812734_zpid/,7812734,,SINGLE FAMILY,"$750,000",1624 E El Camino Dr,Phoenix,AZ,85020,4,3,1938,6300 sqft,
https://www.zillow.com/homedetails/5748-W-Soft-Wind-Dr-Glendale-AZ-85310/7926691_zpid/,7926691,,SINGLE FAMILY,"$699,999",5748 W Soft Wind Dr,Glendale,AZ,85310,4,3,2847,8975 sqft,
https://www.zillow.com/homedetails/15829-S-13th-Pl-Phoenix-AZ-85048/8130334_zpid/,8130334,,SINGLE FAMILY,"$708,000",15829 S 13th Pl,Phoenix,AZ,85048,5,3,2986,8858 sqft,
https://www.zillow.com/homedetails/21-W-Beryl-Ave-Phoenix-AZ-85021/7788345_zpid/,7788345,,SINGLE FAMILY,"$749,900",21 W Beryl Ave,Phoenix,AZ,85021,3,2,1917,3884 sqft,
https://www.zillow.com/homedetails/3750-E-Earll-Dr-Phoenix-AZ-85018/2068382682_zpid/,2068382682,,SINGLE FAMILY,"$985,000",3750 E Earll Dr,Phoenix,AZ,85018,4,3,2589,5195 sqft,
https://www.zillow.com/homedetails/24209-N-21st-St-Phoenix-AZ-85024/305204135_zpid/,305204135,,SINGLE FAMILY,"$839,000",24209 N 21st St,Phoenix,AZ,85024,3,2,2154,6491 sqft,
https://www.zillow.com/homedetails/5412-W-Red-Bird-Rd-Phoenix-AZ-85083/82241842_zpid/,82241842,,SINGLE FAMILY,"$665,000",5412 W Red Bird Rd,Phoenix,AZ,85083,4,3,3422,10268 sqft,
https://www.zillow.com/homedetails/1717-W-Heatherbrae-Dr-Phoenix-AZ-85015/7772237_zpid/,7772237,,MULTI FAMILY,"$799,999",1717 W Heatherbrae Dr,Phoenix,AZ,85015,6,4,4024,0.33608815426997246 acres,
https://www.zillow.com/homedetails/4304-W-Calle-Poco-St-Laveen-AZ-85339/8133341_zpid/,8133341,,SINGLE FAMILY,"$894,500",4304 W Calle Poco St,Laveen,AZ,85339,5,2,3315,0.8949954086317723 acres,
https://www.zillow.com/homedetails/5836-N-4th-Pl-Phoenix-AZ-85012/7802132_zpid/,7802132,,SINGLE FAMILY,"$825,000",5836 N 4th Pl,Phoenix,AZ,85012,4,3,2486,0.3931588613406795 acres,
https://www.zillow.com/homedetails/15055-S-40th-Pl-Phoenix-AZ-85044/8260271_zpid/,8260271,,SINGLE FAMILY,"$715,000",15055 S 40th Pl,Phoenix,AZ,85044,5,3,2739,8002 sqft,
https://www.zillow.com/homedetails/14112-N-12th-St-Phoenix-AZ-85022/81954744_zpid/,81954744,,SINGLE FAMILY,"$875,000",14112 N 12th St,Phoenix,AZ,85022,4,3.5,3182,10688 sqft,
https://www.zillow.com/homedetails/4140-E-Glenrosa-Ave-Phoenix-AZ-85018/7836235_zpid/,7836235,,SINGLE FAMILY,"$780,000",4140 E Glenrosa Ave,Phoenix,AZ,85018,4,2,1677,6896 sqft,
https://www.zillow.com/homedetails/2125-W-Crimson-Ter-Phoenix-AZ-85085/67775333_zpid/,67775333,,SINGLE FAMILY,"$650,000",2125 W Crimson Ter,Phoenix,AZ,85085,6,3,3742,8316 sqft,
https://www.zillow.com/homedetails/2301-E-Osborn-Rd-Phoenix-AZ-85016/7539421_zpid/,7539421,,SINGLE FAMILY,"$830,000",2301 E Osborn Rd,Phoenix,AZ,85016,4,2,2220,8320 sqft,
https://www.zillow.com/homedetails/1217-E-Monte-Way-Phoenix-AZ-85042/284855700_zpid/,284855700,,SINGLE FAMILY,"$879,800",1217 E Monte Way,Phoenix,AZ,85042,4,3.5,2769,8997 sqft,
https://www.zillow.com/homedetails/102-W-Almeria-Rd-Phoenix-AZ-85003/7537324_zpid/,7537324,,SINGLE FAMILY,"$1,585,000",102 W Almeria Rd,Phoenix,AZ,85003,5,4.5,3360,9013 sqft,
https://www.zillow.com/homedetails/4032-E-Cannon-Dr-Phoenix-AZ-85028/7828573_zpid/,7828573,,SINGLE FAMILY,"$825,000",4032 E Cannon Dr,Phoenix,AZ,85028,3,2,2160,0.4024793388429752 acres,
https://www.zillow.com/homedetails/4036-N-40th-Pl-Phoenix-AZ-85018/7564140_zpid/,7564140,,SINGLE FAMILY,"$999,999",4036 N 40th Pl,Phoenix,AZ,85018,4,2,2108,9696 sqft,
https://www.zillow.com/homedetails/2215-N-38th-Way-Phoenix-AZ-85008/7541670_zpid/,7541670,,SINGLE FAMILY,"$1,499,000",2215 N 38th Way,Phoenix,AZ,85008,4,3.5,3609,0.42490817263544534 acres,
https://www.zillow.com/homedetails/14830-N-28th-Pl-Phoenix-AZ-85032/8011532_zpid/,8011532,,SINGLE FAMILY,"$689,900",14830 N 28th Pl,Phoenix,AZ,85032,4,2,2204,0.34393939393939393 acres,
https://www.zillow.com/homedetails/4440-E-Tether-Trl-Phoenix-AZ-85050/92347169_zpid/,92347169,,SINGLE FAMILY,"$695,000",4440 E Tether Trl,Phoenix,AZ,85050,4,2,1845,5315 sqft,
https://www.zillow.com/homedetails/3118-E-Gary-Way-Phoenix-AZ-85042/284863143_zpid/,284863143,,SINGLE FAMILY,"$1,100,000",3118 E Gary Way,Phoenix,AZ,85042,4,4,3091,0.26671258034894396 acres,
https://www.zillow.com/homedetails/15226-S-18th-Dr-Phoenix-AZ-85045/8285099_zpid/,8285099,,SINGLE FAMILY,"$849,900",15226 S 18th Dr,Phoenix,AZ,85045,5,3.5,3684,7440 sqft,
https://www.zillow.com/homedetails/3002-W-Donatello-Dr-Phoenix-AZ-85086/55264809_zpid/,55264809,,SINGLE FAMILY,"$650,000",3002 W Donatello Dr,Phoenix,AZ,85086,5,3,3380,8633 sqft,
https://www.zillow.com/homedetails/1922-E-Everett-Dr-Phoenix-AZ-85022/8009822_zpid/,8009822,,SINGLE FAMILY,"$1,100,000",1922 E Everett Dr,Phoenix,AZ,85022,5,3,3683,0.3531450872359963 acres,
https://www.zillow.com/homedetails/14019-N-29th-Pl-Phoenix-AZ-85032/8011413_zpid/,8011413,,SINGLE FAMILY,"$800,000",14019 N 29th Pl,Phoenix,AZ,85032,5,3,2686,0.26104224058769515 acres,
https://www.zillow.com/homedetails/14610-N-7th-Pl-Phoenix-AZ-85022/8008564_zpid/,8008564,,SINGLE FAMILY,"$715,000",14610 N 7th Pl,Phoenix,AZ,85022,4,2,2428,10077 sqft,
https://www.zillow.com/homedetails/4217-E-Western-Star-Blvd-Phoenix-AZ-85044/8141894_zpid/,8141894,,SINGLE FAMILY,"$640,000",4217 E Western Star Blvd,Phoenix,AZ,85044,4,2,1930,10437 sqft,
https://www.zillow.com/homedetails/6719-N-15th-Ave-Phoenix-AZ-85015/59267789_zpid/,59267789,,SINGLE FAMILY,"$775,000",6719 N 15th Ave,Phoenix,AZ,85015,4,2,2494,0.2737832874196511 acres,
https://www.zillow.com/homedetails/14801-S-8th-St-Phoenix-AZ-85048/8133724_zpid/,8133724,,SINGLE FAMILY,"$649,900",14801 S 8th St,Phoenix,AZ,85048,4,2.5,2347,7466 sqft,
https://www.zillow.com/homedetails/3906-E-Taro-Ln-Phoenix-AZ-85050/7997733_zpid/,7997733,,SINGLE FAMILY,"$679,000",3906 E Taro Ln,Phoenix,AZ,85050,3,2.5,2216,5479 sqft,
https://www.zillow.com/homedetails/512-W-Roma-Ave-Phoenix-AZ-85013/7770425_zpid/,7770425,,SINGLE FAMILY,"$734,000",512 W Roma Ave,Phoenix,AZ,85013,4,2.5,1325,6669 sqft,
https://www.zillow.com/homedetails/18049-N-13th-Ave-Phoenix-AZ-85023/7956541_zpid/,7956541,,SINGLE FAMILY,"$725,000",18049 N 13th Ave,Phoenix,AZ,85023,4,2.5,3231,0.9220844811753902 acres,
https://www.zillow.com/homedetails/3825-W-Quail-Ave-Glendale-AZ-85308/7937042_zpid/,7937042,,MANUFACTURED,"$189,500",3825 W Quail Ave,Glendale,AZ,85308,2,2,960,10498 sqft,
https://www.zillow.com/homedetails/3428-E-Louise-Dr-Phoenix-AZ-85050/316019685_zpid/,316019685,,SINGLE FAMILY,"$1,500,000",3428 E Louise Dr,Phoenix,AZ,85050,4,3.5,3568,6375 sqft,
https://www.zillow.com/homedetails/23801-N-57th-Dr-Glendale-AZ-85310/7926700_zpid/,7926700,,SINGLE FAMILY,"$670,000",23801 N 57th Dr,Glendale,AZ,85310,4,2,2549,8908 sqft,
https://www.zillow.com/homedetails/1010-E-Pierson-St-Phoenix-AZ-85014/7769359_zpid/,7769359,,SINGLE FAMILY,"$980,000",1010 E Pierson St,Phoenix,AZ,85014,4,3,2611,7568 sqft,
https://www.zillow.com/homedetails/13246-S-34th-Way-Phoenix-AZ-85044/8254651_zpid/,8254651,,SINGLE FAMILY,"$650,000",13246 S 34th Way,Phoenix,AZ,85044,4,2,2062,9361 sqft,
https://www.zillow.com/homedetails/5210-N-18th-St-Phoenix-AZ-85016/7809294_zpid/,7809294,,SINGLE FAMILY,"$974,999",5210 N 18th St,Phoenix,AZ,85016,4,3,3530,10555 sqft,
https://www.zillow.com/homedetails/4356-E-Rancho-Tierra-Dr-Cave-Creek-AZ-85331/7979161_zpid/,7979161,,SINGLE FAMILY,"$700,000",4356 E Rancho Tierra Dr,Cave Creek,AZ,85331,4,3,3116,8069 sqft,
https://www.zillow.com/homedetails/5243-E-Windstone-Trl-Cave-Creek-AZ-85331/94882886_zpid/,94882886,,SINGLE FAMILY,"$1,325,000",5243 E Windstone Trl,Cave Creek,AZ,85331,4,3.5,3756,0.3593204775022957 acres,
https://www.zillow.com/homedetails/914-E-Osborn-Rd-UNIT-404-Phoenix-AZ-85014/453560615_zpid/,453560615,,CONDO,"$1,099,000",914 E Osborn Rd UNIT 404,Phoenix,AZ,85014,2,2.5,3139,2369 sqft,
https://www.zillow.com/homedetails/2249-E-Taxidea-Way-Phoenix-AZ-85048/8159664_zpid/,8159664,,SINGLE FAMILY,"$725,000",2249 E Taxidea Way,Phoenix,AZ,85048,4,3,2765,6273 sqft,
https://www.zillow.com/homedetails/9029-S-15th-St-Phoenix-AZ-85042/240305455_zpid/,240305455,,SINGLE FAMILY,"$734,900",9029 S 15th St,Phoenix,AZ,85042,4,2.5,2693,7561 sqft,
https://www.zillow.com/homedetails/710-E-Tuckey-Ln-Phoenix-AZ-85014/7796445_zpid/,7796445,,TOWNHOUSE,"$650,000",710 E Tuckey Ln,Phoenix,AZ,85014,3,2,1820,5005 sqft,
https://www.zillow.com/homedetails/5343-W-Whispering-Wind-Dr-Glendale-AZ-85310/7926369_zpid/,7926369,,SINGLE FAMILY,"$1,269,000",5343 W Whispering Wind Dr,Glendale,AZ,85310,4,2.5,2853,0.864830119375574 acres,
https://www.zillow.com/homedetails/7630-N-4th-Ave-Phoenix-AZ-85021/70397116_zpid/,70397116,,SINGLE FAMILY,"$1,180,000",7630 N 4th Ave,Phoenix,AZ,85021,3,2,2082,0.3600091827364555 acres,
https://www.zillow.com/homedetails/12813-S-38th-St-Phoenix-AZ-85044/8140617_zpid/,8140617,,SINGLE FAMILY,"$619,999",12813 S 38th St,Phoenix,AZ,85044,4,2.5,2264,7427 sqft,
https://www.zillow.com/homedetails/2666-N-43rd-Ave-APT-C-Phoenix-AZ-85009/2098220582_zpid/,2098220582,,TOWNHOUSE,"$149,000",2666 N 43rd Ave APT C,Phoenix,AZ,85009,2,2,1036,274 sqft,
https://www.zillow.com/homedetails/16225-N-Cave-Creek-Rd-21-Phoenix-AZ-85032/380401142_zpid/,380401142,,MANUFACTURED,"$100,000",16225 N Cave Creek Rd #21,Phoenix,AZ,85032,3,2,1152, ,
https://www.zillow.com/homedetails/3634-E-Sands-Dr-Phoenix-AZ-85050/82821588_zpid/,82821588,,SINGLE FAMILY,"$1,050,000",3634 E Sands Dr,Phoenix,AZ,85050,3,3.5,2841,8864 sqft,
https://www.zillow.com/homedetails/20-W-Pasadena-Ave-Phoenix-AZ-85013/7801434_zpid/,7801434,,SINGLE FAMILY,"$1,195,000",20 W Pasadena Ave,Phoenix,AZ,85013,4,3,1667,0.4545913682277319 acres,
https://www.zillow.com/homedetails/2233-E-Behrend-Dr-203-Phoenix-AZ-85024/452755691_zpid/,452755691,,MANUFACTURED,"$180,000",2233 E Behrend Dr #203,Phoenix,AZ,85024,4,2,1680, ,
https://www.zillow.com/homedetails/4022-E-Stanford-Dr-Phoenix-AZ-85018/7837643_zpid/,7837643,,SINGLE FAMILY,"$1,598,000",4022 E Stanford Dr,Phoenix,AZ,85018,3,3,3100,0.31910009182736454 acres,
https://www.zillow.com/homedetails/7820-N-5th-Ave-Phoenix-AZ-85021/7793206_zpid/,7793206,,SINGLE FAMILY,"$1,324,999",7820 N 5th Ave,Phoenix,AZ,85021,4,3,2433,0.2831037649219467 acres,
https://www.zillow.com/homedetails/23116-N-41st-St-Phoenix-AZ-85050/95157019_zpid/,95157019,,SINGLE FAMILY,"$939,900",23116 N 41st St,Phoenix,AZ,85050,5,2.5,3508,6325 sqft,
https://www.zillow.com/homedetails/9412-N-33rd-Way-Phoenix-AZ-85028/7812282_zpid/,7812282,,SINGLE FAMILY,"$895,000",9412 N 33rd Way,Phoenix,AZ,85028,3,2,2247,0.26721763085399447 acres,
https://www.zillow.com/homedetails/4025-E-Paso-Trl-Phoenix-AZ-85050/7985429_zpid/,7985429,,SINGLE FAMILY,"$829,000",4025 E Paso Trl,Phoenix,AZ,85050,4,4,2734,6600 sqft,
https://www.zillow.com/homedetails/4810-N-31st-Pl-Phoenix-AZ-85016/7803440_zpid/,7803440,,SINGLE FAMILY,"$1,450,000",4810 N 31st Pl,Phoenix,AZ,85016,4,3.5,2454,0.2612029384756657 acres,
https://www.zillow.com/homedetails/4620-W-Olney-Ave-Laveen-AZ-85339/67771824_zpid/,67771824,,SINGLE FAMILY,"$850,000",4620 W Olney Ave,Laveen,AZ,85339,5,4.5,3783,0.27575757575757576 acres,
https://www.zillow.com/homedetails/11039-N-42nd-St-Phoenix-AZ-85028/7826999_zpid/,7826999,,SINGLE FAMILY,"$1,450,000",11039 N 42nd St,Phoenix,AZ,85028,4,2.5,2186,0.4130394857667585 acres,
https://www.zillow.com/homedetails/3982-E-Sandpiper-Dr-Phoenix-AZ-85050/67776022_zpid/,67776022,,SINGLE FAMILY,"$974,999",3982 E Sandpiper Dr,Phoenix,AZ,85050,4,5,3796,6412 sqft,
https://www.zillow.com/homedetails/1831-E-Rovey-Ave-Phoenix-AZ-85016/7808266_zpid/,7808266,,SINGLE FAMILY,"$1,494,000",1831 E Rovey Ave,Phoenix,AZ,85016,4,3.5,2883,0.35300734618916435 acres,
https://www.zillow.com/homedetails/8504-S-30th-St-Phoenix-AZ-85042/95079888_zpid/,95079888,,SINGLE FAMILY,"$1,199,000",8504 S 30th St,Phoenix,AZ,85042,4,4.5,4210,0.37754820936639116 acres,
https://www.zillow.com/homedetails/7028-N-12th-Way-Phoenix-AZ-85020/81960289_zpid/,81960289,,SINGLE FAMILY,"$885,000",7028 N 12th Way,Phoenix,AZ,85020,5,3,2226,0.2578971533516988 acres,
https://www.zillow.com/homedetails/745-E-Highline-Canal-Rd-Phoenix-AZ-85042/2079566118_zpid/,2079566118,,SINGLE FAMILY,"$959,000",745 E Highline Canal Rd,Phoenix,AZ,85042,4,3.5,2732,0.5544536271808999 acres,
https://www.zillow.com/homedetails/2803-E-Sherran-Ln-Phoenix-AZ-85016/7538201_zpid/,7538201,,SINGLE FAMILY,"$1,575,000",2803 E Sherran Ln,Phoenix,AZ,85016,3,3,3034,0.3298898071625344 acres,
https://www.zillow.com/homedetails/14645-S-25th-Pl-Phoenix-AZ-85048/70595768_zpid/,70595768,,SINGLE FAMILY,"$843,000",14645 S 25th Pl,Phoenix,AZ,85048,5,3,3411,0.2668044077134986 acres,
https://www.zillow.com/homedetails/538-W-Las-Palmaritas-Dr-Phoenix-AZ-85021/7794864_zpid/,7794864,,SINGLE FAMILY,"$839,000",538 W Las Palmaritas Dr,Phoenix,AZ,85021,4,3,2464,10010 sqft,
https://www.zillow.com/homedetails/102-W-El-Caminito-Dr-Phoenix-AZ-85021/7794903_zpid/,7794903,,SINGLE FAMILY,"$835,000",102 W El Caminito Dr,Phoenix,AZ,85021,5,3.5,2709,0.3379017447199265 acres,
https://www.zillow.com/homedetails/1719-E-Briarwood-Ter-Phoenix-AZ-85048/8162404_zpid/,8162404,,SINGLE FAMILY,"$849,900",1719 E Briarwood Ter,Phoenix,AZ,85048,4,2.5,2821,8799 sqft,
https://www.zillow.com/homedetails/15826-S-1st-Ave-Phoenix-AZ-85045/8134562_zpid/,8134562,,SINGLE FAMILY,"$839,900",15826 S 1st Ave,Phoenix,AZ,85045,5,3.5,3442,8067 sqft,
https://www.zillow.com/homedetails/2513-E-Pleasant-Ln-Phoenix-AZ-85042/284850809_zpid/,284850809,,SINGLE FAMILY,"$850,000",2513 E Pleasant Ln,Phoenix,AZ,85042,4,3.5,3184,10137 sqft,
https://www.zillow.com/homedetails/2335-E-Allen-St-Phoenix-AZ-85042/81991613_zpid/,81991613,,SINGLE FAMILY,"$965,000",2335 E Allen St,Phoenix,AZ,85042,5,3.5,3892,0.27842056932966025 acres,
https://www.zillow.com/homedetails/2614-E-Marconi-Ave-Phoenix-AZ-85032/8007660_zpid/,8007660,,MANUFACTURED,"$149,900",2614 E Marconi Ave,Phoenix,AZ,85032,3,1,684,7909 sqft,1575
https://www.zillow.com/homedetails/4750-N-Central-Ave-E3-Phoenix-AZ-85012/448809412_zpid/,448809412,,CONDO,"$120,000",4750 N Central Ave #E3,Phoenix,AZ,85012,1,1,602,559 sqft,
https://www.zillow.com/homedetails/5035-N-17th-Ave-UNIT-205-Phoenix-AZ-85015/7776034_zpid/,7776034,,TOWNHOUSE,"$174,000",5035 N 17th Ave UNIT 205,Phoenix,AZ,85015,2,2,789,83 sqft,1368
https://www.zillow.com/homedetails/5006-W-Swayback-Pass-Phoenix-AZ-85083/81968262_zpid/,81968262,,SINGLE FAMILY,"$965,000",5006 W Swayback Pass,Phoenix,AZ,85083,5,3,4879,10000 sqft,
https://www.zillow.com/homedetails/1640-E-Solano-Dr-Phoenix-AZ-85016/7808889_zpid/,7808889,,SINGLE FAMILY,"$879,000",1640 E Solano Dr,Phoenix,AZ,85016,4,3,2158,0.3181359044995409 acres,
https://www.zillow.com/homedetails/4750-N-Central-Ave-UNIT-1N-Phoenix-AZ-85012/72104471_zpid/,72104471,,CONDO,"$188,000",4750 N Central Ave UNIT 1N,Phoenix,AZ,85012,1,1,702,655 sqft,
https://www.zillow.com/homedetails/7126-N-19th-Ave-UNIT-152-Phoenix-AZ-85021/7778223_zpid/,7778223,,CONDO,"$145,000",7126 N 19th Ave UNIT 152,Phoenix,AZ,85021,2,1.5,1020,662 sqft,
https://www.zillow.com/homedetails/5814-N-11th-Ave-Phoenix-AZ-85013/7775423_zpid/,7775423,,SINGLE FAMILY,"$889,000",5814 N 11th Ave,Phoenix,AZ,85013,3,2.5,2040,0.3354912764003673 acres,
https://www.zillow.com/homedetails/216-E-Harmont-Dr-Phoenix-AZ-85020/7794408_zpid/,7794408,,SINGLE FAMILY,"$875,000",216 E Harmont Dr,Phoenix,AZ,85020,4,3,2294,0.29341138659320476 acres,
https://www.zillow.com/homedetails/1340-E-Las-Palmaritas-Dr-Phoenix-AZ-85020/7790481_zpid/,7790481,,SINGLE FAMILY,"$1,399,995",1340 E Las Palmaritas Dr,Phoenix,AZ,85020,2,2.5,1873,10591 sqft,
https://www.zillow.com/homedetails/20809-N-17th-St-Phoenix-AZ-85024/7990958_zpid/,7990958,,SINGLE FAMILY,"$829,999",20809 N 17th St,Phoenix,AZ,85024,5,3,3308,9176 sqft,
https://www.zillow.com/homedetails/3230-E-Pinchot-Ave-APT-26-Phoenix-AZ-85018/7565395_zpid/,7565395,,APARTMENT,"$199,000",3230 E Pinchot Ave APT 26,Phoenix,AZ,85018,2,2,1032,1045 sqft,
https://www.zillow.com/homedetails/4920-E-Osborn-Rd-Phoenix-AZ-85018/7565946_zpid/,7565946,,SINGLE FAMILY,"$1,500,000",4920 E Osborn Rd,Phoenix,AZ,85018,4,3,3009,0.2612029384756657 acres,
https://www.zillow.com/homedetails/5971-E-Orange-Blossom-Ln-Phoenix-AZ-85018/7567189_zpid/,7567189,,SINGLE FAMILY,"$1,395,000",5971 E Orange Blossom Ln,Phoenix,AZ,85018,3,2,2861,0.30140036730945824 acres,
https://www.zillow.com/homedetails/5429-N-Black-Canyon-Hwy-Phoenix-AZ-85015/353294347_zpid/,353294347,,TOWNHOUSE,"$143,000",5429 N Black Canyon Hwy,Phoenix,AZ,85015,3,2,1100,6.003 acres,
https://www.zillow.com/homedetails/4427-W-Calle-Poco-St-Laveen-AZ-85339/8133347_zpid/,8133347,,SINGLE FAMILY,"$900,000",4427 W Calle Poco St,Laveen,AZ,85339,4,2,2663,2.158 acres,
https://www.zillow.com/homedetails/2409-W-Quail-Track-Dr-Phoenix-AZ-85085/82821519_zpid/,82821519,,SINGLE FAMILY,"$989,999",2409 W Quail Track Dr,Phoenix,AZ,85085,5,3.5,4623,0.3017447199265381 acres,
https://www.zillow.com/homedetails/16219-S-14th-Way-Phoenix-AZ-85048/8162455_zpid/,8162455,,SINGLE FAMILY,"$810,000",16219 S 14th Way,Phoenix,AZ,85048,3,2.5,2894,0.35488980716253443 acres,
https://www.zillow.com/homedetails/4710-N-33rd-Pl-Phoenix-AZ-85018/7833470_zpid/,7833470,,SINGLE FAMILY,"$1,295,000",4710 N 33rd Pl,Phoenix,AZ,85018,4,3,2300,8481 sqft,
https://www.zillow.com/homedetails/4331-W-Port-Au-Prince-Ln-Glendale-AZ-85306/7951788_zpid/,7951788,,SINGLE FAMILY,"$975,000",4331 W Port Au Prince Ln,Glendale,AZ,85306,4,3,2570,0.8170569329660239 acres,
https://www.zillow.com/homedetails/2818-E-Malapai-Dr-Phoenix-AZ-85028/7812131_zpid/,7812131,,SINGLE FAMILY,"$895,000",2818 E Malapai Dr,Phoenix,AZ,85028,4,2,2022,8961 sqft,
https://www.zillow.com/homedetails/919-W-Port-Royale-Ln-Phoenix-AZ-85023/7962279_zpid/,7962279,,SINGLE FAMILY,"$898,999",919 W Port Royale Ln,Phoenix,AZ,85023,4,2,2038,10092 sqft,
https://www.zillow.com/homedetails/426-E-Carol-Ann-Way-Phoenix-AZ-85022/7959763_zpid/,7959763,,SINGLE FAMILY,"$850,000",426 E Carol Ann Way,Phoenix,AZ,85022,4,3,2432,10458 sqft,
https://www.zillow.com/homedetails/22233-N-54th-Way-Phoenix-AZ-85054/7989481_zpid/,7989481,,SINGLE FAMILY,"$1,239,000",22233 N 54th Way,Phoenix,AZ,85054,5,4,3930,9912 sqft,
https://www.zillow.com/homedetails/3824-E-Parkside-Ln-Phoenix-AZ-85050/67791785_zpid/,67791785,,SINGLE FAMILY,"$1,125,000",3824 E Parkside Ln,Phoenix,AZ,85050,4,2.5,3029,9667 sqft,
https://www.zillow.com/homedetails/46-W-Palm-Ln-Phoenix-AZ-85003/95138055_zpid/,95138055,,TOWNHOUSE,"$825,000",46 W Palm Ln,Phoenix,AZ,85003,4,5.5,5184,4428 sqft,
https://www.zillow.com/homedetails/1935-E-Seminole-Dr-Phoenix-AZ-85022/8009829_zpid/,8009829,,SINGLE FAMILY,"$1,025,000",1935 E Seminole Dr,Phoenix,AZ,85022,5,3,3962,9573 sqft,
